caller_entry	caller	callsite	callee_entry	callee
1400152d0	FUN_1400152d0	140015323	140036e9c	operator_new
1400152d0	FUN_1400152d0	140015334	140006bd0	FUN_140006bd0
1400152d0	FUN_1400152d0	14001534a	140036e9c	operator_new
1400152d0	FUN_1400152d0	14001535b	140006bd0	FUN_140006bd0
1400152d0	FUN_1400152d0	14001536d	1400049f0	FUN_1400049f0
1400152d0	FUN_1400152d0	140015384	EXTERNAL:000001ee	ResetEvent
1400152d0	FUN_1400152d0	14001538f	140036153	pcap_sendqueue_alloc
1400152d0	FUN_1400152d0	14001539d	140036e9c	operator_new
1400152d0	FUN_1400152d0	1400153d5	EXTERNAL:000001ba	CStringT<char,class_StrTraitMFC_DLL<char,class_ATL::ChTraitsCRT<char>_>_>
1400152d0	FUN_1400152d0	1400153e7	EXTERNAL:000001b0	CStringT<char,class_StrTraitMFC_DLL<char,class_ATL::ChTraitsCRT<char>_>_>
1400152d0	FUN_1400152d0	14001540e	14003643c	operator_new
1400152d0	FUN_1400152d0	14001543c	14003616b	pcap_next_ex
1400152d0	FUN_1400152d0	14001546b	EXTERNAL:000002cc	ntohs
1400152d0	FUN_1400152d0	140015477	EXTERNAL:000002cc	ntohs
1400152d0	FUN_1400152d0	140015486	EXTERNAL:000002cc	ntohs
1400152d0	FUN_1400152d0	1400154c8	EXTERNAL:00000197	Format
1400152d0	FUN_1400152d0	1400154f1	EXTERNAL:0000019f	Compare
1400152d0	FUN_1400152d0	14001551c	140006f00	FUN_140006f00
1400152d0	FUN_1400152d0	140015527	140007200	FUN_140007200
1400152d0	FUN_1400152d0	140015542	140006e90	FUN_140006e90
1400152d0	FUN_1400152d0	140015555	140004dd0	FUN_140004dd0
1400152d0	FUN_1400152d0	14001556a	140004d60	FUN_140004d60
1400152d0	FUN_1400152d0	14001559f	140004d60	FUN_140004d60
1400152d0	FUN_1400152d0	1400156f4	140004c40	FUN_140004c40
1400152d0	FUN_1400152d0	140015751	140006e80	FUN_140006e80
1400152d0	FUN_1400152d0	140015784	EXTERNAL:0000019f	Compare
1400152d0	FUN_1400152d0	1400157ad	140007200	FUN_140007200
1400152d0	FUN_1400152d0	1400157d7	140006e80	FUN_140006e80
1400152d0	FUN_1400152d0	1400157fc	140006ed0	FUN_140006ed0
1400152d0	FUN_1400152d0	140015849	140006e90	FUN_140006e90
1400152d0	FUN_1400152d0	14001585c	140004dd0	FUN_140004dd0
1400152d0	FUN_1400152d0	140015873	140004d60	FUN_140004d60
1400152d0	FUN_1400152d0	140015885	140004d60	FUN_140004d60
1400152d0	FUN_1400152d0	140015906	EXTERNAL:0000019f	Compare
1400152d0	FUN_1400152d0	140015930	140007200	FUN_140007200
1400152d0	FUN_1400152d0	140015938	140006e80	FUN_140006e80
1400152d0	FUN_1400152d0	14001598e	140004c40	FUN_140004c40
1400152d0	FUN_1400152d0	1400159ff	EXTERNAL:000001ef	SetEvent
1400152d0	FUN_1400152d0	140015a43	EXTERNAL:000001ef	SetEvent
1400152d0	FUN_1400152d0	140015aa4	140006f00	FUN_140006f00
1400152d0	FUN_1400152d0	140015aed	140006e90	FUN_140006e90
1400152d0	FUN_1400152d0	140015b00	140004dd0	FUN_140004dd0
1400152d0	FUN_1400152d0	140015b17	140004d60	FUN_140004d60
1400152d0	FUN_1400152d0	140015b29	140004d60	FUN_140004d60
1400152d0	FUN_1400152d0	140015b6a	EXTERNAL:000001ef	SetEvent
1400152d0	FUN_1400152d0	140015b91	140020e20	FUN_140020e20
1400152d0	FUN_1400152d0	140015bb8	EXTERNAL:000001ec	TryEnterCriticalSection
1400152d0	FUN_1400152d0	140015c3d	1400364f4	free
1400152d0	FUN_1400152d0	140015c54	14003643c	operator_new
1400152d0	FUN_1400152d0	140015c90	140004c40	FUN_140004c40
1400152d0	FUN_1400152d0	140015cbd	140039b1e	memcpy
1400152d0	FUN_1400152d0	140015cd6	EXTERNAL:000001ef	SetEvent
1400152d0	FUN_1400152d0	140015ce1	14003643c	operator_new
1400152d0	FUN_1400152d0	140015cf6	140004c40	FUN_140004c40
1400152d0	FUN_1400152d0	140015d14	140039b1e	memcpy
1400152d0	FUN_1400152d0	140015d2d	EXTERNAL:000001ef	SetEvent
1400152d0	FUN_1400152d0	140015d3a	140036051	jpeg_std_error
1400152d0	FUN_1400152d0	140015d52	140036057	jpeg_CreateDecompress
1400152d0	FUN_1400152d0	140015d63	140036063	jpeg_mem_src
1400152d0	FUN_1400152d0	140015d70	140036069	jpeg_read_header
1400152d0	FUN_1400152d0	140015d79	14003606f	jpeg_start_decompress
1400152d0	FUN_1400152d0	140015daa	EXTERNAL:0000020a	EnterCriticalSection
1400152d0	FUN_1400152d0	140015deb	140036075	jpeg_read_scanlines
1400152d0	FUN_1400152d0	140015e06	14003607b	jpeg_finish_decompress
1400152d0	FUN_1400152d0	140015e0f	14003605d	jpeg_destroy_decompress
1400152d0	FUN_1400152d0	140015e17	1400364f4	free
1400152d0	FUN_1400152d0	140015e42	140020e30	FUN_140020e30
1400152d0	FUN_1400152d0	140015e4e	EXTERNAL:000001a0	GetManager
1400152d0	FUN_1400152d0	140015e5b	EXTERNAL:000001b9	CStringT<char,class_StrTraitMFC_DLL<char,class_ATL::ChTraitsCRT<char>_>_>
1400152d0	FUN_1400152d0	140015e89	EXTERNAL:000001bb	Concatenate
1400152d0	FUN_1400152d0	140015ea7	EXTERNAL:000001a2	operator=
1400152d0	FUN_1400152d0	140015eba	EXTERNAL:000001af	~CStringT<char,class_StrTraitMFC_DLL<char,class_ATL::ChTraitsCRT<char>_>_>
1400152d0	FUN_1400152d0	140015ec5	EXTERNAL:000001af	~CStringT<char,class_StrTraitMFC_DLL<char,class_ATL::ChTraitsCRT<char>_>_>
1400152d0	FUN_1400152d0	140015f37	EXTERNAL:00000209	LeaveCriticalSection
1400152d0	FUN_1400152d0	140015f48	EXTERNAL:000001ef	SetEvent
1400152d0	FUN_1400152d0	140015fb1	140006f00	FUN_140006f00
1400152d0	FUN_1400152d0	14001600a	1400363fc	free
1400152d0	FUN_1400152d0	14001601a	1400363fc	free
1400152d0	FUN_1400152d0	14001602b	140036159	pcap_sendqueue_destroy
1400152d0	FUN_1400152d0	140016039	14003613b	pcap_close
1400152d0	FUN_1400152d0	140016051	EXTERNAL:000001a1	operator=
1400152d0	FUN_1400152d0	14001605e	EXTERNAL:000001ef	SetEvent
1400152d0	FUN_1400152d0	140016069	EXTERNAL:000001af	~CStringT<char,class_StrTraitMFC_DLL<char,class_ATL::ChTraitsCRT<char>_>_>
1400152d0	FUN_1400152d0	140016075	EXTERNAL:000001af	~CStringT<char,class_StrTraitMFC_DLL<char,class_ATL::ChTraitsCRT<char>_>_>
1400152d0	FUN_1400152d0	140016081	140004a30	FUN_140004a30
1400152d0	FUN_1400152d0	140016090	1400364d0	__security_check_cookie
140007980	FUN_140007980	1400079d7	140036d30	`eh_vector_constructor_iterator'
140007980	FUN_140007980	140007a00	140036d30	`eh_vector_constructor_iterator'
140007980	FUN_140007980	140007a29	140036d30	`eh_vector_constructor_iterator'
140007980	FUN_140007980	140007a36	EXTERNAL:000001ba	CStringT<char,class_StrTraitMFC_DLL<char,class_ATL::ChTraitsCRT<char>_>_>
140007980	FUN_140007980	140007a96	140004a10	FUN_140004a10
140007980	FUN_140007980	140007ac7	140036d30	`eh_vector_constructor_iterator'
140007980	FUN_140007980	140007ad4	EXTERNAL:000001ba	CStringT<char,class_StrTraitMFC_DLL<char,class_ATL::ChTraitsCRT<char>_>_>
140007980	FUN_140007980	140007ae2	EXTERNAL:000001ba	CStringT<char,class_StrTraitMFC_DLL<char,class_ATL::ChTraitsCRT<char>_>_>
140007980	FUN_140007980	140007b28	EXTERNAL:0000020b	InitializeCriticalSection
140007980	FUN_140007980	140007b3c	EXTERNAL:000001ed	CreateEventA
140007980	FUN_140007980	140007b57	EXTERNAL:000001ed	CreateEventA
140007980	FUN_140007980	140007b75	EXTERNAL:000001ed	CreateEventA
140007980	FUN_140007980	140007b93	EXTERNAL:000001ed	CreateEventA
140007980	FUN_140007980	140007bae	EXTERNAL:000001a1	operator=
140007980	FUN_140007980	140007bc2	EXTERNAL:000001a1	operator=
140007980	FUN_140007980	140007bdd	1400360ed	Pa_Initialize
140007980	FUN_140007980	140007bfb	1400360f9	Pa_GetHostApiCount
140007980	FUN_140007980	140007c12	1400360ff	Pa_GetHostApiInfo
140007980	FUN_140007980	140007c26	EXTERNAL:000001b0	CStringT<char,class_StrTraitMFC_DLL<char,class_ATL::ChTraitsCRT<char>_>_>
140007980	FUN_140007980	140007c3c	EXTERNAL:0000019f	Compare
140007980	FUN_140007980	140007c4e	EXTERNAL:000001af	~CStringT<char,class_StrTraitMFC_DLL<char,class_ATL::ChTraitsCRT<char>_>_>
140007980	FUN_140007980	140007c6e	EXTERNAL:000001af	~CStringT<char,class_StrTraitMFC_DLL<char,class_ATL::ChTraitsCRT<char>_>_>
140007980	FUN_140007980	140007c99	140036105	Pa_HostApiDeviceIndexToDeviceIndex
140007980	FUN_140007980	140007ca0	14003610b	Pa_GetDeviceInfo
140007980	FUN_140007980	140007cb4	EXTERNAL:000001b0	CStringT<char,class_StrTraitMFC_DLL<char,class_ATL::ChTraitsCRT<char>_>_>
140007980	FUN_140007980	140007ccc	EXTERNAL:000001a2	operator=
140007980	FUN_140007980	140007cdb	EXTERNAL:000001af	~CStringT<char,class_StrTraitMFC_DLL<char,class_ATL::ChTraitsCRT<char>_>_>
140007980	FUN_140007980	140007cfd	EXTERNAL:000001a2	operator=
140007980	FUN_140007980	140007d31	EXTERNAL:000001a2	operator=
140007980	FUN_140007980	140007d98	14000ab60	FUN_14000ab60
14000e1a0	FUN_14000e1a0	14000e1f3	140036d30	`eh_vector_constructor_iterator'
14000e1a0	FUN_14000e1a0	14000e21e	140036d30	`eh_vector_constructor_iterator'
14000e1a0	FUN_14000e1a0	14000e22b	140020e00	FUN_140020e00
14000e1a0	FUN_14000e1a0	14000e238	140020e00	FUN_140020e00
14000e1a0	FUN_14000e1a0	14000e245	140020e00	FUN_140020e00
14000e1a0	FUN_14000e1a0	14000e2a1	140004a10	FUN_140004a10
14000e1a0	FUN_14000e1a0	14000e2d2	140036d30	`eh_vector_constructor_iterator'
14000e1a0	FUN_14000e1a0	14000e2df	EXTERNAL:000001ba	CStringT<char,class_StrTraitMFC_DLL<char,class_ATL::ChTraitsCRT<char>_>_>
14000e1a0	FUN_14000e1a0	14000e2ed	EXTERNAL:000001ba	CStringT<char,class_StrTraitMFC_DLL<char,class_ATL::ChTraitsCRT<char>_>_>
14000e1a0	FUN_14000e1a0	14000e322	EXTERNAL:0000020b	InitializeCriticalSection
14000e1a0	FUN_14000e1a0	14000e391	140036e9c	operator_new
14000e1a0	FUN_14000e1a0	14000e3a3	140014880	FUN_140014880
14000e1a0	FUN_14000e1a0	14000e3b7	140014950	FUN_140014950
14000e1a0	FUN_14000e1a0	14000e5c9	EXTERNAL:000001ed	CreateEventA
14000e1a0	FUN_14000e1a0	14000e5e4	EXTERNAL:000001ed	CreateEventA
14000e1a0	FUN_14000e1a0	14000e5ff	EXTERNAL:000001ed	CreateEventA
14000e1a0	FUN_14000e1a0	14000e639	EXTERNAL:000001ed	CreateEventA
14000e1a0	FUN_14000e1a0	14000e657	EXTERNAL:000001ed	CreateEventA
14000e1a0	FUN_14000e1a0	14000e675	EXTERNAL:000001ed	CreateEventA
14000e1a0	FUN_14000e1a0	14000e6a8	14000ab60	FUN_14000ab60
1400115c0	FUN_1400115c0	14001160d	140036e9c	operator_new
1400115c0	FUN_1400115c0	14001161f	140006c50	FUN_140006c50
1400115c0	FUN_1400115c0	14001163a	140007250	FUN_140007250
1400115c0	FUN_1400115c0	140011646	140006ef0	FUN_140006ef0
1400115c0	FUN_1400115c0	140011659	140036e9c	operator_new
1400115c0	FUN_1400115c0	14001166d	1400209e0	FUN_1400209e0
1400115c0	FUN_1400115c0	140011683	140036e9c	operator_new
1400115c0	FUN_1400115c0	1400116a4	140004a10	FUN_140004a10
1400115c0	FUN_1400115c0	1400116cf	EXTERNAL:000001ee	ResetEvent
1400115c0	FUN_1400115c0	1400116eb	EXTERNAL:000001b0	CStringT<char,class_StrTraitMFC_DLL<char,class_ATL::ChTraitsCRT<char>_>_>
1400115c0	FUN_1400115c0	14001171c	EXTERNAL:000001fa	WaitForSingleObject
1400115c0	FUN_1400115c0	140011737	EXTERNAL:000001ee	ResetEvent
1400115c0	FUN_1400115c0	140011767	EXTERNAL:000001ef	SetEvent
1400115c0	FUN_1400115c0	140011771	140004dc0	FUN_140004dc0
1400115c0	FUN_1400115c0	140011783	140004ff0	FUN_140004ff0
1400115c0	FUN_1400115c0	140011797	140004ff0	FUN_140004ff0
1400115c0	FUN_1400115c0	1400117ac	140004e40	FUN_140004e40
1400115c0	FUN_1400115c0	1400117bf	140004bf0	FUN_140004bf0
1400115c0	FUN_1400115c0	1400117cb	140006ef0	FUN_140006ef0
1400115c0	FUN_1400115c0	1400117e7	1400070b0	FUN_1400070b0
1400115c0	FUN_1400115c0	140011803	140036153	pcap_sendqueue_alloc
1400115c0	FUN_1400115c0	14001181f	140006eb0	FUN_140006eb0
1400115c0	FUN_1400115c0	140011844	140006ec0	FUN_140006ec0
1400115c0	FUN_1400115c0	1400118c9	EXTERNAL:000002cd	inet_addr
1400115c0	FUN_1400115c0	1400118ff	140020ba0	FUN_140020ba0
1400115c0	FUN_1400115c0	140011915	14003615f	pcap_sendqueue_queue
1400115c0	FUN_1400115c0	140011969	140006ee0	FUN_140006ee0
1400115c0	FUN_1400115c0	1400119e1	EXTERNAL:000002cd	inet_addr
1400115c0	FUN_1400115c0	140011a18	140020ba0	FUN_140020ba0
1400115c0	FUN_1400115c0	140011a2e	14003615f	pcap_sendqueue_queue
1400115c0	FUN_1400115c0	140011a42	140036165	pcap_sendqueue_transmit
1400115c0	FUN_1400115c0	140011a4b	140036159	pcap_sendqueue_destroy
1400115c0	FUN_1400115c0	140011a54	140036153	pcap_sendqueue_alloc
1400115c0	FUN_1400115c0	140011a6d	14003615f	pcap_sendqueue_queue
1400115c0	FUN_1400115c0	140011adb	140036165	pcap_sendqueue_transmit
1400115c0	FUN_1400115c0	140011ae4	140036159	pcap_sendqueue_destroy
1400115c0	FUN_1400115c0	140011b34	140020a00	FUN_140020a00
1400115c0	FUN_1400115c0	140011b41	1400363fc	free
1400115c0	FUN_1400115c0	140011b5a	1400363fc	free
1400115c0	FUN_1400115c0	140011b80	EXTERNAL:0000020a	EnterCriticalSection
1400115c0	FUN_1400115c0	140011b9c	14003613b	pcap_close
1400115c0	FUN_1400115c0	140011bb5	EXTERNAL:00000209	LeaveCriticalSection
1400115c0	FUN_1400115c0	140011bc2	EXTERNAL:000001ef	SetEvent
1400115c0	FUN_1400115c0	140011bcd	EXTERNAL:000001af	~CStringT<char,class_StrTraitMFC_DLL<char,class_ATL::ChTraitsCRT<char>_>_>
1400115c0	FUN_1400115c0	140011bd8	140004a40	FUN_140004a40
1400115c0	FUN_1400115c0	140011be4	1400364d0	__security_check_cookie
140011c10	FUN_140011c10	140011c71	140036e9c	operator_new
140011c10	FUN_140011c10	140011c82	140006c50	FUN_140006c50
140011c10	FUN_140011c10	140011c9d	140007250	FUN_140007250
140011c10	FUN_140011c10	140011ca9	140006ef0	FUN_140006ef0
140011c10	FUN_140011c10	140011cbc	140036e9c	operator_new
140011c10	FUN_140011c10	140011ccf	1400209e0	FUN_1400209e0
140011c10	FUN_140011c10	140011ce5	140036e9c	operator_new
140011c10	FUN_140011c10	140011d06	140004a10	FUN_140004a10
140011c10	FUN_140011c10	140011d31	EXTERNAL:000001ee	ResetEvent
140011c10	FUN_140011c10	140011d7c	EXTERNAL:000001b0	CStringT<char,class_StrTraitMFC_DLL<char,class_ATL::ChTraitsCRT<char>_>_>
140011c10	FUN_140011c10	140011d85	EXTERNAL:000002af	malloc
140011c10	FUN_140011c10	140011da0	140039b36	memset
140011c10	FUN_140011c10	140011db4	140039b36	memset
140011c10	FUN_140011c10	140011dc0	140036051	jpeg_std_error
140011c10	FUN_140011c10	140011dd8	140036081	jpeg_CreateCompress
140011c10	FUN_140011c10	140011e2c	EXTERNAL:000001fa	WaitForSingleObject
140011c10	FUN_140011c10	140011e47	EXTERNAL:000001ee	ResetEvent
140011c10	FUN_140011c10	140011e64	140020e20	FUN_140020e20
140011c10	FUN_140011c10	140011e71	140036093	jpeg_set_defaults
140011c10	FUN_140011c10	140011e81	140036099	jpeg_set_quality
140011c10	FUN_140011c10	140011e94	14003608d	jpeg_mem_dest
140011c10	FUN_140011c10	140011e9f	14003609f	jpeg_start_compress
140011c10	FUN_140011c10	140011edc	1400360a5	jpeg_write_scanlines
140011c10	FUN_140011c10	140011ef0	1400360ab	jpeg_finish_compress
140011c10	FUN_140011c10	140011f14	140020e30	FUN_140020e30
140011c10	FUN_140011c10	140011f20	EXTERNAL:000001a0	GetManager
140011c10	FUN_140011c10	140011f2d	EXTERNAL:000001b9	CStringT<char,class_StrTraitMFC_DLL<char,class_ATL::ChTraitsCRT<char>_>_>
140011c10	FUN_140011c10	140011f54	EXTERNAL:000001bb	Concatenate
140011c10	FUN_140011c10	140011f6b	EXTERNAL:000001a2	operator=
140011c10	FUN_140011c10	140011f7c	EXTERNAL:000001af	~CStringT<char,class_StrTraitMFC_DLL<char,class_ATL::ChTraitsCRT<char>_>_>
140011c10	FUN_140011c10	140011f87	EXTERNAL:000001af	~CStringT<char,class_StrTraitMFC_DLL<char,class_ATL::ChTraitsCRT<char>_>_>
140011c10	FUN_140011c10	140011f98	140004dc0	FUN_140004dc0
140011c10	FUN_140011c10	140011faa	140004ff0	FUN_140004ff0
140011c10	FUN_140011c10	140011fc6	140004ff0	FUN_140004ff0
140011c10	FUN_140011c10	140011fd9	140004e40	FUN_140004e40
140011c10	FUN_140011c10	140012006	EXTERNAL:000001ef	SetEvent
140011c10	FUN_140011c10	140012019	140004bf0	FUN_140004bf0
140011c10	FUN_140011c10	140012025	140006ef0	FUN_140006ef0
140011c10	FUN_140011c10	140012040	1400070b0	FUN_1400070b0
140011c10	FUN_140011c10	14001205a	140036153	pcap_sendqueue_alloc
140011c10	FUN_140011c10	140012076	140006eb0	FUN_140006eb0
140011c10	FUN_140011c10	14001209b	140006ec0	FUN_140006ec0
140011c10	FUN_140011c10	140012129	EXTERNAL:000002cd	inet_addr
140011c10	FUN_140011c10	140012162	140020ba0	FUN_140020ba0
140011c10	FUN_140011c10	140012178	14003615f	pcap_sendqueue_queue
140011c10	FUN_140011c10	1400121c9	140006ee0	FUN_140006ee0
140011c10	FUN_140011c10	140012241	EXTERNAL:000002cd	inet_addr
140011c10	FUN_140011c10	140012277	140020ba0	FUN_140020ba0
140011c10	FUN_140011c10	14001228d	14003615f	pcap_sendqueue_queue
140011c10	FUN_140011c10	1400122a1	140036165	pcap_sendqueue_transmit
140011c10	FUN_140011c10	1400122aa	140036159	pcap_sendqueue_destroy
140011c10	FUN_140011c10	1400122b3	140036153	pcap_sendqueue_alloc
140011c10	FUN_140011c10	1400122cc	14003615f	pcap_sendqueue_queue
140011c10	FUN_140011c10	14001232e	140036165	pcap_sendqueue_transmit
140011c10	FUN_140011c10	140012337	140036159	pcap_sendqueue_destroy
140011c10	FUN_140011c10	140012384	140036087	jpeg_destroy_compress
140011c10	FUN_140011c10	140012393	EXTERNAL:000002ae	free
140011c10	FUN_140011c10	1400123b3	140020a00	FUN_140020a00
140011c10	FUN_140011c10	1400123c0	1400363fc	free
140011c10	FUN_140011c10	1400123d9	1400363fc	free
140011c10	FUN_140011c10	1400123ff	EXTERNAL:0000020a	EnterCriticalSection
140011c10	FUN_140011c10	14001241c	14003613b	pcap_close
140011c10	FUN_140011c10	140012435	EXTERNAL:00000209	LeaveCriticalSection
140011c10	FUN_140011c10	140012442	EXTERNAL:000001ef	SetEvent
140011c10	FUN_140011c10	14001244d	EXTERNAL:000001af	~CStringT<char,class_StrTraitMFC_DLL<char,class_ATL::ChTraitsCRT<char>_>_>
140011c10	FUN_140011c10	140012458	140004a40	FUN_140004a40
140011c10	FUN_140011c10	140012467	1400364d0	__security_check_cookie
140009bf0	FUN_140009bf0	140009c1c	140036e9c	operator_new
140009bf0	FUN_140009bf0	140009c34	140006c50	FUN_140006c50
140009bf0	FUN_140009bf0	140009c77	140007250	FUN_140007250
140009bf0	FUN_140009bf0	140009c95	140036e9c	operator_new
140009bf0	FUN_140009bf0	140009cb0	1400209e0	FUN_1400209e0
140009bf0	FUN_140009bf0	140009cd2	140006ef0	FUN_140006ef0
140009bf0	FUN_140009bf0	140009d15	14003643c	operator_new
140009bf0	FUN_140009bf0	140009d33	140039b36	memset
140009bf0	FUN_140009bf0	140009d42	140008b10	FUN_140008b10
140009bf0	FUN_140009bf0	140009d4e	EXTERNAL:000001ee	ResetEvent
140009bf0	FUN_140009bf0	140009d58	EXTERNAL:000001ee	ResetEvent
140009bf0	FUN_140009bf0	140009d73	140004dc0	FUN_140004dc0
140009bf0	FUN_140009bf0	140009d84	140004ff0	FUN_140004ff0
140009bf0	FUN_140009bf0	140009d94	EXTERNAL:000001fa	WaitForSingleObject
140009bf0	FUN_140009bf0	140009dab	EXTERNAL:000001ee	ResetEvent
140009bf0	FUN_140009bf0	140009dd2	140004ff0	FUN_140004ff0
140009bf0	FUN_140009bf0	140009de9	140004e40	FUN_140004e40
140009bf0	FUN_140009bf0	140009e01	140004bf0	FUN_140004bf0
140009bf0	FUN_140009bf0	140009e1d	1400070b0	FUN_1400070b0
140009bf0	FUN_140009bf0	140009e2b	140006ee0	FUN_140006ee0
140009bf0	FUN_140009bf0	140009e54	EXTERNAL:0000020a	EnterCriticalSection
140009bf0	FUN_140009bf0	140009e92	EXTERNAL:000002cd	inet_addr
140009bf0	FUN_140009bf0	140009ec7	140020ba0	FUN_140020ba0
140009bf0	FUN_140009bf0	140009ee2	140036141	pcap_sendpacket
140009bf0	FUN_140009bf0	140009eeb	EXTERNAL:00000209	LeaveCriticalSection
140009bf0	FUN_140009bf0	140009f50	140020a00	FUN_140020a00
140009bf0	FUN_140009bf0	140009f5d	1400363fc	free
140009bf0	FUN_140009bf0	140009f92	EXTERNAL:0000020a	EnterCriticalSection
140009bf0	FUN_140009bf0	140009fac	14003613b	pcap_close
140009bf0	FUN_140009bf0	140009fc5	EXTERNAL:00000209	LeaveCriticalSection
140009bf0	FUN_140009bf0	140009fd3	1400364f4	free
140009bf0	FUN_140009bf0	140009fdf	EXTERNAL:000001ef	SetEvent
140004c40	FUN_140004c40	140004c43	140004ae0	FUN_140004ae0
140004ae0	FUN_140004ae0	140004b02	140039b1e	memcpy
140004d60	FUN_140004d60	140004d67	140004ae0	FUN_140004ae0
140004e40	FUN_140004e40	140004e43	140004b20	FUN_140004b20
140004b20	FUN_140004b20	140004b69	14003643c	operator_new
140004b20	FUN_140004b20	140004b81	140039b1e	memcpy
140004b20	FUN_140004b20	140004b8f	1400363fc	free
140004b20	FUN_140004b20	140004bbb	140039b1e	memcpy
140004ff0	FUN_140004ff0	140004ff7	140004b20	FUN_140004b20
140006bd0	FUN_140006bd0	140006bfe	140006bb0	FUN_140006bb0
140006bd0	FUN_140006bd0	140006c1d	140007030	FUN_140007030
140006bd0	FUN_140006bd0	140006c2f	140007320	FUN_140007320
140007030	FUN_140007030	140007052	140006e60	FUN_140006e60
140007030	FUN_140007030	14000705f	14003643c	operator_new
140007030	FUN_140007030	140007082	140039b1e	memcpy
140007030	FUN_140007030	14000708d	1400364f4	free
140007320	FUN_140007320	140007349	140007030	FUN_140007030
140006c50	FUN_140006c50	140006c79	140006b90	FUN_140006b90
140006c50	FUN_140006c50	140006c92	1400072d0	FUN_1400072d0
140006c50	FUN_140006c50	140006ca0	140006f90	FUN_140006f90
1400072d0	FUN_1400072d0	1400072f9	140006f90	FUN_140006f90
140006f90	FUN_140006f90	140006fb2	140006e40	FUN_140006e40
140006f90	FUN_140006f90	140006fd2	14003643c	operator_new
140006f90	FUN_140006f90	140006ffc	140039b1e	memcpy
140006f90	FUN_140006f90	140007007	1400364f4	free
140006f00	FUN_140006f00	140006f29	1400363fc	free
140006f00	FUN_140006f00	140006f33	14003643c	operator_new
140006f00	FUN_140006f00	140006f48	140039b36	memset
140006f00	FUN_140006f00	140006f54	140007320	FUN_140007320
1400070b0	FUN_1400070b0	14000713a	14003643c	operator_new
1400070b0	FUN_1400070b0	140007153	140006df0	FUN_140006df0
1400070b0	FUN_1400070b0	14000719f	140039b1e	memcpy
140006df0	FUN_140006df0	140006e12	140006f90	FUN_140006f90
140007200	FUN_140007200	14000723f	140039b1e	memcpy
140007250	FUN_140007250	14000729d	1400363fc	free
140007250	FUN_140007250	1400072be	1400072d0	FUN_1400072d0
140009be0	FUN_140009be0	140009be4	140009bf0	FUN_140009bf0
140036e9c	operator_new	140036eaa	140039cb6	_callnewh
140036e9c	operator_new	140036eb6	140039b9c	malloc
140036e9c	operator_new	140036ecc	140037b64	FUN_140037b64
140036e9c	operator_new	140036ed2	140037b84	FUN_140037b84
1400209e0	FUN_1400209e0	1400209ec	14003643c	operator_new
140008b10	FUN_140008b10	140008bb3	140039b96	sin
140008b10	FUN_140008b10	140008bd8	140039b96	sin
140008b10	FUN_140008b10	140008bfd	140039b96	sin
140008b10	FUN_140008b10	140008c21	140039b96	sin
140008b10	FUN_140008b10	140008c46	140039b96	sin
140008b10	FUN_140008b10	140008c6b	140039b96	sin
140008b10	FUN_140008b10	140008c90	140039b96	sin
140008b10	FUN_140008b10	140008cb5	140039b96	sin
140008b10	FUN_140008b10	140008cda	140039b96	sin
140008b10	FUN_140008b10	140008cff	140039b96	sin
140008b10	FUN_140008b10	140008d24	140039b96	sin
140008b10	FUN_140008b10	140008d49	140039b96	sin
140008b10	FUN_140008b10	140008d6e	140039b96	sin
140008b10	FUN_140008b10	140008d93	140039b96	sin
140008b10	FUN_140008b10	140008db8	140039b96	sin
140008b10	FUN_140008b10	140008ddd	140039b96	sin
140008b10	FUN_140008b10	140008e41	1400364d0	__security_check_cookie
140020ba0	FUN_140020ba0	140020c17	EXTERNAL:000002c8	htons
140020ba0	FUN_140020ba0	140020c2a	EXTERNAL:000002c8	htons
140020ba0	FUN_140020ba0	140020c80	EXTERNAL:000002c8	htons
140020ba0	FUN_140020ba0	140020c96	EXTERNAL:000002c8	htons
140020ba0	FUN_140020ba0	140020ca8	EXTERNAL:000002c8	htons
140020ba0	FUN_140020ba0	140020cc9	140039b1e	memcpy
140020ba0	FUN_140020ba0	140020cd6	EXTERNAL:000002c8	htons
140020ba0	FUN_140020ba0	140020ce7	EXTERNAL:000002c8	htons
140020ba0	FUN_140020ba0	140020d11	140020a80	FUN_140020a80
140020ba0	FUN_140020ba0	140020d32	140020a10	FUN_140020a10
140020ba0	FUN_140020ba0	140020d3a	EXTERNAL:000002c8	htons
140020a00	FUN_140020a00	140020a08	1400363fc	free
14000acb0	FUN_14000acb0	14000accf	14000ad00	FUN_14000ad00
14000ad00	FUN_14000ad00	14000aea1	EXTERNAL:000001ef	SetEvent
14000ad00	FUN_14000ad00	14000af0f	140039b1e	memcpy
14000ad00	FUN_14000ad00	14000af4c	140039b36	memset
14000ad00	FUN_14000ad00	14000aff9	140039b1e	memcpy
14000ad00	FUN_14000ad00	14000b04c	140039b1e	memcpy
140011590	FUN_140011590	14001159d	140011c10	FUN_140011c10
140011590	FUN_140011590	1400115a9	1400115c0	FUN_1400115c0
140004a40	FUN_140004a40	140004a53	1400363fc	free
1400364d0	__security_check_cookie	1400364ec	140037288	__report_gsfailure
140020e30	FUN_140020e30	140020e64	EXTERNAL:00000205	QueryPerformanceCounter
140020e30	FUN_140020e30	140020e6f	EXTERNAL:00000204	QueryPerformanceFrequency
140020e30	FUN_140020e30	140020e9e	EXTERNAL:000001ba	CStringT<char,class_StrTraitMFC_DLL<char,class_ATL::ChTraitsCRT<char>_>_>
140020e30	FUN_140020e30	140020ebe	EXTERNAL:00000197	Format
1400160c0	FUN_1400160c0	1400160c4	1400152d0	FUN_1400152d0
140016f20	FUN_140016f20	140016f82	EXTERNAL:000001a2	operator=
140016f20	FUN_140016f20	140016f93	EXTERNAL:000001a2	operator=
140016f20	FUN_140016f20	140016fbf	140036147	pcap_findalldevs
140016f20	FUN_140016f20	140016ffb	140039b2a	strstr
140016f20	FUN_140016f20	14001701e	140020660	FUN_140020660
140016f20	FUN_140016f20	140017178	14003614d	pcap_open
140016f20	FUN_140016f20	14001718d	14003617d	pcap_freealldevs
140016f20	FUN_140016f20	1400171a4	140036183	pcap_setmintocopy
140016f20	FUN_140016f20	1400171d2	EXTERNAL:000001b0	CStringT<char,class_StrTraitMFC_DLL<char,class_ATL::ChTraitsCRT<char>_>_>
140016f20	FUN_140016f20	140017214	EXTERNAL:00000197	Format
140016f20	FUN_140016f20	140017233	140036177	pcap_compile
140016f20	FUN_140016f20	140017240	14003617d	pcap_freealldevs
140016f20	FUN_140016f20	140017253	140036171	pcap_setfilter
140016f20	FUN_140016f20	140017263	14003617d	pcap_freealldevs
140016f20	FUN_140016f20	140017274	140020660	FUN_140020660
140016f20	FUN_140016f20	14001739e	14003617d	pcap_freealldevs
140016f20	FUN_140016f20	1400173cf	EXTERNAL:0000028f	_time64
140016f20	FUN_140016f20	1400173e6	EXTERNAL:00000293	_localtime64_s
140016f20	FUN_140016f20	14001740e	EXTERNAL:00000290	strftime
140016f20	FUN_140016f20	140017434	EXTERNAL:000001b0	CStringT<char,class_StrTraitMFC_DLL<char,class_ATL::ChTraitsCRT<char>_>_>
140016f20	FUN_140016f20	14001744e	EXTERNAL:00000197	Format
140016f20	FUN_140016f20	14001745a	EXTERNAL:000001af	~CStringT<char,class_StrTraitMFC_DLL<char,class_ATL::ChTraitsCRT<char>_>_>
140016f20	FUN_140016f20	14001747b	140037dfe	AfxBeginThread
140016f20	FUN_140016f20	14001748c	EXTERNAL:000001af	~CStringT<char,class_StrTraitMFC_DLL<char,class_ATL::ChTraitsCRT<char>_>_>
140016f20	FUN_140016f20	140017496	EXTERNAL:000001af	~CStringT<char,class_StrTraitMFC_DLL<char,class_ATL::ChTraitsCRT<char>_>_>
140016f20	FUN_140016f20	1400174a6	1400364d0	__security_check_cookie
140016f20	FUN_140016f20	1400174cb	140015270	FUN_140015270
14002b9b0	FUN_14002b9b0	14002b9e9	EXTERNAL:000001b0	CStringT<char,class_StrTraitMFC_DLL<char,class_ATL::ChTraitsCRT<char>_>_>
14002b9b0	FUN_14002b9b0	14002ba08	1400382ba	GetWindowTextA
14002b9b0	FUN_14002b9b0	14002ba20	EXTERNAL:00000225	SendMessageA
14002b9b0	FUN_14002b9b0	14002ba34	EXTERNAL:000001b0	CStringT<char,class_StrTraitMFC_DLL<char,class_ATL::ChTraitsCRT<char>_>_>
14002b9b0	FUN_14002b9b0	14002ba49	1400382ba	GetWindowTextA
14002b9b0	FUN_14002b9b0	14002ba6e	EXTERNAL:0000019f	Compare
14002b9b0	FUN_14002b9b0	14002ba91	EXTERNAL:000001b7	CStringT<char,class_StrTraitMFC_DLL<char,class_ATL::ChTraitsCRT<char>_>_>
14002b9b0	FUN_14002b9b0	14002bab5	EXTERNAL:0000019f	Compare
14002b9b0	FUN_14002b9b0	14002bad2	EXTERNAL:0000019f	Compare
14002b9b0	FUN_14002b9b0	14002baeb	EXTERNAL:0000019f	Compare
14002b9b0	FUN_14002b9b0	14002bb04	EXTERNAL:0000019f	Compare
14002b9b0	FUN_14002b9b0	14002bb1d	EXTERNAL:0000019f	Compare
14002b9b0	FUN_14002b9b0	14002bb3e	EXTERNAL:000001b0	CStringT<char,class_StrTraitMFC_DLL<char,class_ATL::ChTraitsCRT<char>_>_>
14002b9b0	FUN_14002b9b0	14002bb54	EXTERNAL:00000197	Format
14002b9b0	FUN_14002b9b0	14002bb65	140037e04	AfxMessageBox
14002b9b0	FUN_14002b9b0	14002bb6f	EXTERNAL:000001af	~CStringT<char,class_StrTraitMFC_DLL<char,class_ATL::ChTraitsCRT<char>_>_>
14002b9b0	FUN_14002b9b0	14002bba5	EXTERNAL:000001a1	operator=
14002b9b0	FUN_14002b9b0	14002bbb9	140037e0a	SetWindowTextA
14002b9b0	FUN_14002b9b0	14002bbd9	EXTERNAL:000001b0	CStringT<char,class_StrTraitMFC_DLL<char,class_ATL::ChTraitsCRT<char>_>_>
14002b9b0	FUN_14002b9b0	14002bbea	EXTERNAL:000001b7	CStringT<char,class_StrTraitMFC_DLL<char,class_ATL::ChTraitsCRT<char>_>_>
14002b9b0	FUN_14002b9b0	14002bbfb	EXTERNAL:000001b7	CStringT<char,class_StrTraitMFC_DLL<char,class_ATL::ChTraitsCRT<char>_>_>
14002b9b0	FUN_14002b9b0	14002bc1e	14001fb60	FUN_14001fb60
14002b9b0	FUN_14002b9b0	14002bc48	EXTERNAL:00000207	Sleep
14002b9b0	FUN_14002b9b0	14002bd2c	EXTERNAL:000001a2	operator=
14002b9b0	FUN_14002b9b0	14002bd81	14002cd70	FUN_14002cd70
14002b9b0	FUN_14002b9b0	14002bdb6	14000db40	FUN_14000db40
14002b9b0	FUN_14002b9b0	14002bdcb	EXTERNAL:000001b7	CStringT<char,class_StrTraitMFC_DLL<char,class_ATL::ChTraitsCRT<char>_>_>
14002b9b0	FUN_14002b9b0	14002be23	14000d440	FUN_14000d440
14002b9b0	FUN_14002b9b0	14002be35	14000d7e0	FUN_14000d7e0
14002b9b0	FUN_14002b9b0	14002be4a	EXTERNAL:000001b7	CStringT<char,class_StrTraitMFC_DLL<char,class_ATL::ChTraitsCRT<char>_>_>
14002b9b0	FUN_14002b9b0	14002be63	140029e60	FUN_140029e60
14002b9b0	FUN_14002b9b0	14002be89	14000a000	FUN_14000a000
14002b9b0	FUN_14002b9b0	14002be9f	EXTERNAL:000001b7	CStringT<char,class_StrTraitMFC_DLL<char,class_ATL::ChTraitsCRT<char>_>_>
14002b9b0	FUN_14002b9b0	14002becb	140012490	FUN_140012490
14002b9b0	FUN_14002b9b0	14002bed8	EXTERNAL:000001b7	CStringT<char,class_StrTraitMFC_DLL<char,class_ATL::ChTraitsCRT<char>_>_>
14002b9b0	FUN_14002b9b0	14002bef3	140016f20	FUN_140016f20
14002b9b0	FUN_14002b9b0	14002bf04	140032dd0	FUN_140032dd0
14002b9b0	FUN_14002b9b0	14002bf21	140037e0a	SetWindowTextA
14002b9b0	FUN_14002b9b0	14002bf29	140033260	FUN_140033260
14002b9b0	FUN_14002b9b0	14002bf3a	140032fd0	FUN_140032fd0
14002b9b0	FUN_14002b9b0	14002bf4b	140038242	EnableWindow
14002b9b0	FUN_14002b9b0	14002bf5c	140038242	EnableWindow
14002b9b0	FUN_14002b9b0	14002bf6d	140038242	EnableWindow
14002b9b0	FUN_14002b9b0	14002bf77	EXTERNAL:000001a0	GetManager
14002b9b0	FUN_14002b9b0	14002bf84	EXTERNAL:000001b9	CStringT<char,class_StrTraitMFC_DLL<char,class_ATL::ChTraitsCRT<char>_>_>
14002b9b0	FUN_14002b9b0	14002bfc4	EXTERNAL:000001bb	Concatenate
14002b9b0	FUN_14002b9b0	14002bfd7	140037e0a	SetWindowTextA
14002b9b0	FUN_14002b9b0	14002bfe2	1400174e0	FUN_1400174e0
14002b9b0	FUN_14002b9b0	14002c005	EXTERNAL:000001b0	CStringT<char,class_StrTraitMFC_DLL<char,class_ATL::ChTraitsCRT<char>_>_>
14002b9b0	FUN_14002b9b0	14002c01f	EXTERNAL:00000197	Format
14002b9b0	FUN_14002b9b0	14002c030	140037e04	AfxMessageBox
14002b9b0	FUN_14002b9b0	14002c038	EXTERNAL:000001b0	CStringT<char,class_StrTraitMFC_DLL<char,class_ATL::ChTraitsCRT<char>_>_>
14002b9b0	FUN_14002b9b0	14002c065	EXTERNAL:00000197	Format
14002b9b0	FUN_14002b9b0	14002c076	140037e04	AfxMessageBox
14002b9b0	FUN_14002b9b0	14002c080	EXTERNAL:000001af	~CStringT<char,class_StrTraitMFC_DLL<char,class_ATL::ChTraitsCRT<char>_>_>
14002b9b0	FUN_14002b9b0	14002c094	140037e0a	SetWindowTextA
14002b9b0	FUN_14002b9b0	14002c09c	140037e40	SetFocus
14002b9b0	FUN_14002b9b0	14002c0b1	140037e04	AfxMessageBox
14002b9b0	FUN_14002b9b0	14002c0bb	EXTERNAL:000001af	~CStringT<char,class_StrTraitMFC_DLL<char,class_ATL::ChTraitsCRT<char>_>_>
14002b9b0	FUN_14002b9b0	14002c0c9	14002c100	FUN_14002c100
14002b9b0	FUN_14002b9b0	14002c0d3	EXTERNAL:000001af	~CStringT<char,class_StrTraitMFC_DLL<char,class_ATL::ChTraitsCRT<char>_>_>
14002b9b0	FUN_14002b9b0	14002c0de	EXTERNAL:000001af	~CStringT<char,class_StrTraitMFC_DLL<char,class_ATL::ChTraitsCRT<char>_>_>
14002f3d0	FUN_14002f3d0	14002f413	14002cd70	FUN_14002cd70
14002f3d0	FUN_14002f3d0	14002f427	EXTERNAL:000001b7	CStringT<char,class_StrTraitMFC_DLL<char,class_ATL::ChTraitsCRT<char>_>_>
14002f3d0	FUN_14002f3d0	14002f441	EXTERNAL:000001b0	CStringT<char,class_StrTraitMFC_DLL<char,class_ATL::ChTraitsCRT<char>_>_>
14002f3d0	FUN_14002f3d0	14002f452	EXTERNAL:000001b7	CStringT<char,class_StrTraitMFC_DLL<char,class_ATL::ChTraitsCRT<char>_>_>
14002f3d0	FUN_14002f3d0	14002f46a	14001f270	FUN_14001f270
14002f3d0	FUN_14002f3d0	14002f483	EXTERNAL:000001b0	CStringT<char,class_StrTraitMFC_DLL<char,class_ATL::ChTraitsCRT<char>_>_>
14002f3d0	FUN_14002f3d0	14002f494	EXTERNAL:000001b7	CStringT<char,class_StrTraitMFC_DLL<char,class_ATL::ChTraitsCRT<char>_>_>
14002f3d0	FUN_14002f3d0	14002f4ac	14001f270	FUN_14001f270
14002f3d0	FUN_14002f3d0	14002f4c5	EXTERNAL:000001b0	CStringT<char,class_StrTraitMFC_DLL<char,class_ATL::ChTraitsCRT<char>_>_>
14002f3d0	FUN_14002f3d0	14002f4d6	EXTERNAL:000001b7	CStringT<char,class_StrTraitMFC_DLL<char,class_ATL::ChTraitsCRT<char>_>_>
14002f3d0	FUN_14002f3d0	14002f4ee	14001f270	FUN_14001f270
14002f3d0	FUN_14002f3d0	14002f4f6	EXTERNAL:000002b3	atoi
14002f3d0	FUN_14002f3d0	14002f503	EXTERNAL:000001af	~CStringT<char,class_StrTraitMFC_DLL<char,class_ATL::ChTraitsCRT<char>_>_>
14002f3d0	FUN_14002f3d0	14002f540	EXTERNAL:0000019f	Compare
14002f3d0	FUN_14002f3d0	14002f576	EXTERNAL:000001b0	CStringT<char,class_StrTraitMFC_DLL<char,class_ATL::ChTraitsCRT<char>_>_>
14002f3d0	FUN_14002f3d0	14002f587	EXTERNAL:000001b7	CStringT<char,class_StrTraitMFC_DLL<char,class_ATL::ChTraitsCRT<char>_>_>
14002f3d0	FUN_14002f3d0	14002f598	EXTERNAL:000001b7	CStringT<char,class_StrTraitMFC_DLL<char,class_ATL::ChTraitsCRT<char>_>_>
14002f3d0	FUN_14002f3d0	14002f5bb	14001fb60	FUN_14001fb60
14002f3d0	FUN_14002f3d0	14002f5c5	EXTERNAL:000001af	~CStringT<char,class_StrTraitMFC_DLL<char,class_ATL::ChTraitsCRT<char>_>_>
14002f3d0	FUN_14002f3d0	14002f5d0	EXTERNAL:000001af	~CStringT<char,class_StrTraitMFC_DLL<char,class_ATL::ChTraitsCRT<char>_>_>
14002f3d0	FUN_14002f3d0	14002f5db	EXTERNAL:000001af	~CStringT<char,class_StrTraitMFC_DLL<char,class_ATL::ChTraitsCRT<char>_>_>
14002f3d0	FUN_14002f3d0	14002f617	EXTERNAL:0000019f	Compare
14002f3d0	FUN_14002f3d0	14002f62c	EXTERNAL:0000019f	Compare
14002f3d0	FUN_14002f3d0	14002f654	EXTERNAL:000001b0	CStringT<char,class_StrTraitMFC_DLL<char,class_ATL::ChTraitsCRT<char>_>_>
14002f3d0	FUN_14002f3d0	14002f665	EXTERNAL:000001b7	CStringT<char,class_StrTraitMFC_DLL<char,class_ATL::ChTraitsCRT<char>_>_>
14002f3d0	FUN_14002f3d0	14002f67d	14001f270	FUN_14001f270
14002f3d0	FUN_14002f3d0	14002f688	EXTERNAL:000002b3	atoi
14002f3d0	FUN_14002f3d0	14002f6a0	EXTERNAL:000001af	~CStringT<char,class_StrTraitMFC_DLL<char,class_ATL::ChTraitsCRT<char>_>_>
14002f3d0	FUN_14002f3d0	14002f6b9	EXTERNAL:000001b0	CStringT<char,class_StrTraitMFC_DLL<char,class_ATL::ChTraitsCRT<char>_>_>
14002f3d0	FUN_14002f3d0	14002f6ca	EXTERNAL:000001b7	CStringT<char,class_StrTraitMFC_DLL<char,class_ATL::ChTraitsCRT<char>_>_>
14002f3d0	FUN_14002f3d0	14002f6e2	14001f270	FUN_14001f270
14002f3d0	FUN_14002f3d0	14002f6ea	EXTERNAL:000002b3	atoi
14002f3d0	FUN_14002f3d0	14002f70c	EXTERNAL:000001af	~CStringT<char,class_StrTraitMFC_DLL<char,class_ATL::ChTraitsCRT<char>_>_>
14002f3d0	FUN_14002f3d0	14002f725	EXTERNAL:000001b0	CStringT<char,class_StrTraitMFC_DLL<char,class_ATL::ChTraitsCRT<char>_>_>
14002f3d0	FUN_14002f3d0	14002f736	EXTERNAL:000001b7	CStringT<char,class_StrTraitMFC_DLL<char,class_ATL::ChTraitsCRT<char>_>_>
14002f3d0	FUN_14002f3d0	14002f74e	14001f270	FUN_14001f270
14002f3d0	FUN_14002f3d0	14002f756	EXTERNAL:000002b3	atoi
14002f3d0	FUN_14002f3d0	14002f76e	EXTERNAL:000001af	~CStringT<char,class_StrTraitMFC_DLL<char,class_ATL::ChTraitsCRT<char>_>_>
14002f3d0	FUN_14002f3d0	14002f787	EXTERNAL:000001b0	CStringT<char,class_StrTraitMFC_DLL<char,class_ATL::ChTraitsCRT<char>_>_>
14002f3d0	FUN_14002f3d0	14002f798	EXTERNAL:000001b7	CStringT<char,class_StrTraitMFC_DLL<char,class_ATL::ChTraitsCRT<char>_>_>
14002f3d0	FUN_14002f3d0	14002f7b0	14001f270	FUN_14001f270
14002f3d0	FUN_14002f3d0	14002f7b8	EXTERNAL:000002b3	atoi
14002f3d0	FUN_14002f3d0	14002f7d0	EXTERNAL:000001af	~CStringT<char,class_StrTraitMFC_DLL<char,class_ATL::ChTraitsCRT<char>_>_>
14002f3d0	FUN_14002f3d0	14002f7e9	EXTERNAL:000001b0	CStringT<char,class_StrTraitMFC_DLL<char,class_ATL::ChTraitsCRT<char>_>_>
14002f3d0	FUN_14002f3d0	14002f7fa	EXTERNAL:000001b7	CStringT<char,class_StrTraitMFC_DLL<char,class_ATL::ChTraitsCRT<char>_>_>
14002f3d0	FUN_14002f3d0	14002f812	14001f270	FUN_14001f270
14002f3d0	FUN_14002f3d0	14002f81a	EXTERNAL:000002b3	atoi
14002f3d0	FUN_14002f3d0	14002f832	EXTERNAL:000001af	~CStringT<char,class_StrTraitMFC_DLL<char,class_ATL::ChTraitsCRT<char>_>_>
14002f3d0	FUN_14002f3d0	14002f84b	EXTERNAL:000001b0	CStringT<char,class_StrTraitMFC_DLL<char,class_ATL::ChTraitsCRT<char>_>_>
14002f3d0	FUN_14002f3d0	14002f85c	EXTERNAL:000001b7	CStringT<char,class_StrTraitMFC_DLL<char,class_ATL::ChTraitsCRT<char>_>_>
14002f3d0	FUN_14002f3d0	14002f874	14001f270	FUN_14001f270
14002f3d0	FUN_14002f3d0	14002f87c	EXTERNAL:000002b3	atoi
14002f3d0	FUN_14002f3d0	14002f89e	EXTERNAL:000001af	~CStringT<char,class_StrTraitMFC_DLL<char,class_ATL::ChTraitsCRT<char>_>_>
14002f3d0	FUN_14002f3d0	14002f8b7	EXTERNAL:000001b0	CStringT<char,class_StrTraitMFC_DLL<char,class_ATL::ChTraitsCRT<char>_>_>
14002f3d0	FUN_14002f3d0	14002f8c8	EXTERNAL:000001b7	CStringT<char,class_StrTraitMFC_DLL<char,class_ATL::ChTraitsCRT<char>_>_>
14002f3d0	FUN_14002f3d0	14002f8e0	14001f270	FUN_14001f270
14002f3d0	FUN_14002f3d0	14002f8e8	EXTERNAL:000002b3	atoi
14002f3d0	FUN_14002f3d0	14002f900	EXTERNAL:000001af	~CStringT<char,class_StrTraitMFC_DLL<char,class_ATL::ChTraitsCRT<char>_>_>
14002f3d0	FUN_14002f3d0	14002f919	EXTERNAL:000001b0	CStringT<char,class_StrTraitMFC_DLL<char,class_ATL::ChTraitsCRT<char>_>_>
14002f3d0	FUN_14002f3d0	14002f92a	EXTERNAL:000001b7	CStringT<char,class_StrTraitMFC_DLL<char,class_ATL::ChTraitsCRT<char>_>_>
14002f3d0	FUN_14002f3d0	14002f942	14001f270	FUN_14001f270
14002f3d0	FUN_14002f3d0	14002f94a	EXTERNAL:000002b3	atoi
14002f3d0	FUN_14002f3d0	14002f962	EXTERNAL:000001af	~CStringT<char,class_StrTraitMFC_DLL<char,class_ATL::ChTraitsCRT<char>_>_>
14002f3d0	FUN_14002f3d0	14002f97b	EXTERNAL:000001b0	CStringT<char,class_StrTraitMFC_DLL<char,class_ATL::ChTraitsCRT<char>_>_>
14002f3d0	FUN_14002f3d0	14002f98c	EXTERNAL:000001b7	CStringT<char,class_StrTraitMFC_DLL<char,class_ATL::ChTraitsCRT<char>_>_>
14002f3d0	FUN_14002f3d0	14002f9a4	14001f270	FUN_14001f270
14002f3d0	FUN_14002f3d0	14002f9ac	EXTERNAL:000002b3	atoi
14002f3d0	FUN_14002f3d0	14002f9c9	EXTERNAL:000001af	~CStringT<char,class_StrTraitMFC_DLL<char,class_ATL::ChTraitsCRT<char>_>_>
14002f3d0	FUN_14002f3d0	14002f9da	EXTERNAL:000001b0	CStringT<char,class_StrTraitMFC_DLL<char,class_ATL::ChTraitsCRT<char>_>_>
14002f3d0	FUN_14002f3d0	14002f9f3	140029150	FUN_140029150
14002f3d0	FUN_14002f3d0	14002fa14	EXTERNAL:000001b7	CStringT<char,class_StrTraitMFC_DLL<char,class_ATL::ChTraitsCRT<char>_>_>
14002f3d0	FUN_14002f3d0	14002fa25	EXTERNAL:000001b7	CStringT<char,class_StrTraitMFC_DLL<char,class_ATL::ChTraitsCRT<char>_>_>
14002f3d0	FUN_14002f3d0	14002fa36	EXTERNAL:000001b7	CStringT<char,class_StrTraitMFC_DLL<char,class_ATL::ChTraitsCRT<char>_>_>
14002f3d0	FUN_14002f3d0	14002fa59	14001fb60	FUN_14001fb60
14002f3d0	FUN_14002f3d0	14002fa6a	EXTERNAL:000001b0	CStringT<char,class_StrTraitMFC_DLL<char,class_ATL::ChTraitsCRT<char>_>_>
14002f3d0	FUN_14002f3d0	14002fa7b	EXTERNAL:000001b7	CStringT<char,class_StrTraitMFC_DLL<char,class_ATL::ChTraitsCRT<char>_>_>
14002f3d0	FUN_14002f3d0	14002fa8c	EXTERNAL:000001b7	CStringT<char,class_StrTraitMFC_DLL<char,class_ATL::ChTraitsCRT<char>_>_>
14002f3d0	FUN_14002f3d0	14002faaf	14001fb60	FUN_14001fb60
14002f3d0	FUN_14002f3d0	14002fad3	EXTERNAL:000001a2	operator=
14002f3d0	FUN_14002f3d0	14002fb09	14000db40	FUN_14000db40
14002f3d0	FUN_14002f3d0	14002fb1e	EXTERNAL:000001b7	CStringT<char,class_StrTraitMFC_DLL<char,class_ATL::ChTraitsCRT<char>_>_>
14002f3d0	FUN_14002f3d0	14002fb76	14000d440	FUN_14000d440
14002f3d0	FUN_14002f3d0	14002fb88	14000d7e0	FUN_14000d7e0
14002f3d0	FUN_14002f3d0	14002fb9d	EXTERNAL:000001b7	CStringT<char,class_StrTraitMFC_DLL<char,class_ATL::ChTraitsCRT<char>_>_>
14002f3d0	FUN_14002f3d0	14002fbac	140029e60	FUN_140029e60
14002f3d0	FUN_14002f3d0	14002fbdd	14000a000	FUN_14000a000
14002f3d0	FUN_14002f3d0	14002fbf3	EXTERNAL:000001b7	CStringT<char,class_StrTraitMFC_DLL<char,class_ATL::ChTraitsCRT<char>_>_>
14002f3d0	FUN_14002f3d0	14002fc2b	140012490	FUN_140012490
14002f3d0	FUN_14002f3d0	14002fc38	EXTERNAL:000001b7	CStringT<char,class_StrTraitMFC_DLL<char,class_ATL::ChTraitsCRT<char>_>_>
14002f3d0	FUN_14002f3d0	14002fc57	140016f20	FUN_140016f20
14002f3d0	FUN_14002f3d0	14002fc68	140032dd0	FUN_140032dd0
14002f3d0	FUN_14002f3d0	14002fc83	140037e0a	SetWindowTextA
14002f3d0	FUN_14002f3d0	14002fc99	140037e0a	SetWindowTextA
14002f3d0	FUN_14002f3d0	14002fcaa	140032fd0	FUN_140032fd0
14002f3d0	FUN_14002f3d0	14002fcbb	140038242	EnableWindow
14002f3d0	FUN_14002f3d0	14002fcc9	140038242	EnableWindow
14002f3d0	FUN_14002f3d0	14002fcda	140038242	EnableWindow
14002f3d0	FUN_14002f3d0	14002fce4	EXTERNAL:000001a0	GetManager
14002f3d0	FUN_14002f3d0	14002fcf1	EXTERNAL:000001b9	CStringT<char,class_StrTraitMFC_DLL<char,class_ATL::ChTraitsCRT<char>_>_>
14002f3d0	FUN_14002f3d0	14002fd2b	EXTERNAL:000001bb	Concatenate
14002f3d0	FUN_14002f3d0	14002fd3e	140037e0a	SetWindowTextA
14002f3d0	FUN_14002f3d0	14002fd48	EXTERNAL:000001af	~CStringT<char,class_StrTraitMFC_DLL<char,class_ATL::ChTraitsCRT<char>_>_>
14002f3d0	FUN_14002f3d0	14002fd51	140033260	FUN_140033260
14002f3d0	FUN_14002f3d0	14002fd59	140037e40	SetFocus
14002f3d0	FUN_14002f3d0	14002fd63	EXTERNAL:000001af	~CStringT<char,class_StrTraitMFC_DLL<char,class_ATL::ChTraitsCRT<char>_>_>
140020660	FUN_140020660	14002067a	140039b36	memset
140020660	FUN_140020660	140020684	14003643c	operator_new
140020660	FUN_140020660	14002069c	140039afa	GetAdaptersInfo
140020660	FUN_140020660	1400206b8	140039b2a	strstr
140020660	FUN_140020660	1400206d5	1400364f4	free
140020660	FUN_140020660	1400206f1	EXTERNAL:000002cd	inet_addr
140020660	FUN_140020660	140020701	EXTERNAL:000002cd	inet_addr
140020660	FUN_140020660	140020734	140039b00	SendARP
140020660	FUN_140020660	14002074b	1400202f0	FUN_1400202f0
140015270	FUN_140015270	14001527c	140037e4c	AfxThrowMemoryException
140015270	FUN_140015270	140015282	140037e52	AfxThrowOleException
140020a80	FUN_140020a80	140020abd	14003643c	operator_new
140020a80	FUN_140020a80	140020ad3	140039b36	memset
140020a80	FUN_140020a80	140020aeb	EXTERNAL:000002c8	htons
140020a80	FUN_140020a80	140020b1d	140039b1e	memcpy
140020a80	FUN_140020a80	140020b47	140020580	FUN_140020580
140020a80	FUN_140020a80	140020b6a	1400364f4	free
140020a10	FUN_140020a10	140020a3c	140020580	FUN_140020580
14000db70	FUN_14000db70	14000dbc7	EXTERNAL:000001b0	CStringT<char,class_StrTraitMFC_DLL<char,class_ATL::ChTraitsCRT<char>_>_>
14000db70	FUN_14000db70	14000dbd5	EXTERNAL:000001ee	ResetEvent
14000db70	FUN_14000db70	14000dc10	EXTERNAL:000001fa	WaitForSingleObject
14000db70	FUN_14000db70	14000dc26	EXTERNAL:000001ee	ResetEvent
14000db70	FUN_14000db70	14000dc6a	140020e20	FUN_140020e20
14000db70	FUN_14000db70	14000dc73	EXTERNAL:0000020a	EnterCriticalSection
14000db70	FUN_14000db70	14000dc80	140036051	jpeg_std_error
14000db70	FUN_14000db70	14000dc9a	140036057	jpeg_CreateDecompress
14000db70	FUN_14000db70	14000dcb2	140036063	jpeg_mem_src
14000db70	FUN_14000db70	14000dcbe	140036069	jpeg_read_header
14000db70	FUN_14000db70	14000dcc8	14003606f	jpeg_start_decompress
14000db70	FUN_14000db70	14000dd20	140036075	jpeg_read_scanlines
14000db70	FUN_14000db70	14000dd37	14003607b	jpeg_finish_decompress
14000db70	FUN_14000db70	14000dd41	14003605d	jpeg_destroy_decompress
14000db70	FUN_14000db70	14000dd4d	1400364f4	free
14000db70	FUN_14000db70	14000dd5d	EXTERNAL:00000209	LeaveCriticalSection
14000db70	FUN_14000db70	14000dd80	140020e30	FUN_140020e30
14000db70	FUN_14000db70	14000dd8d	EXTERNAL:000001a0	GetManager
14000db70	FUN_14000db70	14000dd9b	EXTERNAL:000001b9	CStringT<char,class_StrTraitMFC_DLL<char,class_ATL::ChTraitsCRT<char>_>_>
14000db70	FUN_14000db70	14000ddc8	EXTERNAL:000001bb	Concatenate
14000db70	FUN_14000db70	14000dddf	EXTERNAL:000001a2	operator=
14000db70	FUN_14000db70	14000ddf1	EXTERNAL:000001af	~CStringT<char,class_StrTraitMFC_DLL<char,class_ATL::ChTraitsCRT<char>_>_>
14000db70	FUN_14000db70	14000ddfd	EXTERNAL:000001af	~CStringT<char,class_StrTraitMFC_DLL<char,class_ATL::ChTraitsCRT<char>_>_>
14000db70	FUN_14000db70	14000de65	1400190f0	FUN_1400190f0
14000db70	FUN_14000db70	14000dea8	1400190f0	FUN_1400190f0
14000db70	FUN_14000db70	14000deca	1400190f0	FUN_1400190f0
14000db70	FUN_14000db70	14000dee3	EXTERNAL:000001ef	SetEvent
14000db70	FUN_14000db70	14000deef	EXTERNAL:000001af	~CStringT<char,class_StrTraitMFC_DLL<char,class_ATL::ChTraitsCRT<char>_>_>
14000db70	FUN_14000db70	14000deff	1400364d0	__security_check_cookie
1400190f0	FUN_1400190f0	14001913d	140018aa0	FUN_140018aa0
1400190f0	FUN_1400190f0	140019150	140020e20	FUN_140020e20
1400190f0	FUN_1400190f0	1400191b4	140018610	FUN_140018610
1400190f0	FUN_1400190f0	1400191c6	140039a64	_OutputArray
1400190f0	FUN_1400190f0	1400191d8	140039a5e	_InputArray
1400190f0	FUN_1400190f0	1400191f1	140039aac	cvtColor
1400190f0	FUN_1400190f0	1400191ff	14000ecf0	FUN_14000ecf0
1400190f0	FUN_1400190f0	140019228	14000c120	FUN_14000c120
1400190f0	FUN_1400190f0	14001924f	140039b1e	memcpy
1400190f0	FUN_1400190f0	140019459	140020e30	FUN_140020e30
1400190f0	FUN_1400190f0	140019464	EXTERNAL:000001a0	GetManager
1400190f0	FUN_1400190f0	140019472	EXTERNAL:000001b9	CStringT<char,class_StrTraitMFC_DLL<char,class_ATL::ChTraitsCRT<char>_>_>
1400190f0	FUN_1400190f0	1400194b5	EXTERNAL:000001bb	Concatenate
1400190f0	FUN_1400190f0	1400194c5	EXTERNAL:000001a2	operator=
1400190f0	FUN_1400190f0	1400194d1	EXTERNAL:000001af	~CStringT<char,class_StrTraitMFC_DLL<char,class_ATL::ChTraitsCRT<char>_>_>
1400190f0	FUN_1400190f0	1400194dd	EXTERNAL:000001af	~CStringT<char,class_StrTraitMFC_DLL<char,class_ATL::ChTraitsCRT<char>_>_>
1400190f0	FUN_1400190f0	1400194e6	140018ef0	FUN_140018ef0
1400190f0	FUN_1400190f0	1400194ff	1400364d0	__security_check_cookie
1400107c0	FUN_1400107c0	140010812	EXTERNAL:000001ba	CStringT<char,class_StrTraitMFC_DLL<char,class_ATL::ChTraitsCRT<char>_>_>
1400107c0	FUN_1400107c0	14001087c	EXTERNAL:000001b0	CStringT<char,class_StrTraitMFC_DLL<char,class_ATL::ChTraitsCRT<char>_>_>
1400107c0	FUN_1400107c0	14001088a	EXTERNAL:000001ee	ResetEvent
1400107c0	FUN_1400107c0	1400108ac	EXTERNAL:000001fa	WaitForSingleObject
1400107c0	FUN_1400107c0	1400108c6	EXTERNAL:000001ee	ResetEvent
1400107c0	FUN_1400107c0	1400108e3	140020e20	FUN_140020e20
1400107c0	FUN_1400107c0	1400109af	EXTERNAL:00000197	Format
1400107c0	FUN_1400107c0	1400109bd	EXTERNAL:000001a0	GetManager
1400107c0	FUN_1400107c0	1400109cb	EXTERNAL:000001b9	CStringT<char,class_StrTraitMFC_DLL<char,class_ATL::ChTraitsCRT<char>_>_>
1400107c0	FUN_1400107c0	1400109fa	EXTERNAL:000001bb	Concatenate
1400107c0	FUN_1400107c0	140010a35	14000ab60	FUN_14000ab60
1400107c0	FUN_1400107c0	140010a44	EXTERNAL:000001af	~CStringT<char,class_StrTraitMFC_DLL<char,class_ATL::ChTraitsCRT<char>_>_>
1400107c0	FUN_1400107c0	140010a58	140039a5e	_InputArray
1400107c0	FUN_1400107c0	140010a7b	140039ab2	imwrite
1400107c0	FUN_1400107c0	140010ac2	1400363fc	free
1400107c0	FUN_1400107c0	140010b04	1400363fc	free
1400107c0	FUN_1400107c0	140010b33	140039aa0	_interlockedExchangeAdd
1400107c0	FUN_1400107c0	140010b44	140039a7c	deallocate
1400107c0	FUN_1400107c0	140010b88	140039a58	fastFree
1400107c0	FUN_1400107c0	140010bbc	EXTERNAL:00000197	Format
1400107c0	FUN_1400107c0	140010bca	EXTERNAL:000001a0	GetManager
1400107c0	FUN_1400107c0	140010bd7	EXTERNAL:000001b9	CStringT<char,class_StrTraitMFC_DLL<char,class_ATL::ChTraitsCRT<char>_>_>
1400107c0	FUN_1400107c0	140010c05	EXTERNAL:000001bb	Concatenate
1400107c0	FUN_1400107c0	140010c40	14000ab60	FUN_14000ab60
1400107c0	FUN_1400107c0	140010c4e	EXTERNAL:000001af	~CStringT<char,class_StrTraitMFC_DLL<char,class_ATL::ChTraitsCRT<char>_>_>
1400107c0	FUN_1400107c0	140010c80	EXTERNAL:00000056	basic_ios<char,struct_std::char_traits<char>_>
1400107c0	FUN_1400107c0	140010ca4	EXTERNAL:00000055	basic_ostream<char,struct_std::char_traits<char>_>
1400107c0	FUN_1400107c0	140010cef	EXTERNAL:00000060	basic_streambuf<char,struct_std::char_traits<char>_>
1400107c0	FUN_1400107c0	140010d19	EXTERNAL:0000005c	_Init
1400107c0	FUN_1400107c0	140010d47	14003635a	_Fiopen
1400107c0	FUN_1400107c0	140010d6d	EXTERNAL:0000005c	_Init
1400107c0	FUN_1400107c0	140010d8e	EXTERNAL:00000284	_get_stream_buffer_pointers
1400107c0	FUN_1400107c0	140010db6	EXTERNAL:0000005b	_Init
1400107c0	FUN_1400107c0	140010de6	EXTERNAL:0000005e	getloc
1400107c0	FUN_1400107c0	140010df0	14000e0b0	FUN_14000e0b0
1400107c0	FUN_1400107c0	140010dfb	EXTERNAL:00000065	always_noconv
1400107c0	FUN_1400107c0	140010e1c	EXTERNAL:0000005c	_Init
1400107c0	FUN_1400107c0	140010e66	EXTERNAL:00000057	setstate
1400107c0	FUN_1400107c0	140010ebe	EXTERNAL:00000053	write
1400107c0	FUN_1400107c0	140010ecb	140013c90	FUN_140013c90
1400107c0	FUN_1400107c0	140010ef1	EXTERNAL:00000057	setstate
1400107c0	FUN_1400107c0	140010f2a	14000e800	FUN_14000e800
1400107c0	FUN_1400107c0	140010f36	EXTERNAL:00000054	~basic_ostream<char,struct_std::char_traits<char>_>
1400107c0	FUN_1400107c0	140010f43	EXTERNAL:00000058	~basic_ios<char,struct_std::char_traits<char>_>
1400107c0	FUN_1400107c0	140010f8e	EXTERNAL:000002a5	_invalid_parameter_noinfo_noreturn
1400107c0	FUN_1400107c0	140010f98	EXTERNAL:000002af	malloc
1400107c0	FUN_1400107c0	140010fb7	140039b36	memset
1400107c0	FUN_1400107c0	140010fcb	140039b36	memset
1400107c0	FUN_1400107c0	140010fd7	140036051	jpeg_std_error
1400107c0	FUN_1400107c0	140010ff5	140036081	jpeg_CreateCompress
1400107c0	FUN_1400107c0	140011038	140036093	jpeg_set_defaults
1400107c0	FUN_1400107c0	14001104b	140036099	jpeg_set_quality
1400107c0	FUN_1400107c0	140011061	14003608d	jpeg_mem_dest
1400107c0	FUN_1400107c0	14001106f	14003609f	jpeg_start_compress
1400107c0	FUN_1400107c0	1400110af	1400360a5	jpeg_write_scanlines
1400107c0	FUN_1400107c0	1400110c9	1400360ab	jpeg_finish_compress
1400107c0	FUN_1400107c0	1400110d5	140036087	jpeg_destroy_compress
1400107c0	FUN_1400107c0	1400110e9	EXTERNAL:00000197	Format
1400107c0	FUN_1400107c0	1400110f7	EXTERNAL:000001a0	GetManager
1400107c0	FUN_1400107c0	140011104	EXTERNAL:000001b9	CStringT<char,class_StrTraitMFC_DLL<char,class_ATL::ChTraitsCRT<char>_>_>
1400107c0	FUN_1400107c0	140011132	EXTERNAL:000001bb	Concatenate
1400107c0	FUN_1400107c0	140011170	14000ab60	FUN_14000ab60
1400107c0	FUN_1400107c0	14001117e	EXTERNAL:000001af	~CStringT<char,class_StrTraitMFC_DLL<char,class_ATL::ChTraitsCRT<char>_>_>
1400107c0	FUN_1400107c0	1400111ad	EXTERNAL:00000056	basic_ios<char,struct_std::char_traits<char>_>
1400107c0	FUN_1400107c0	1400111cb	EXTERNAL:00000055	basic_ostream<char,struct_std::char_traits<char>_>
1400107c0	FUN_1400107c0	140011204	EXTERNAL:00000060	basic_streambuf<char,struct_std::char_traits<char>_>
1400107c0	FUN_1400107c0	140011225	EXTERNAL:0000005c	_Init
1400107c0	FUN_1400107c0	14001124d	14003635a	_Fiopen
1400107c0	FUN_1400107c0	14001126d	EXTERNAL:0000005c	_Init
1400107c0	FUN_1400107c0	14001128e	EXTERNAL:00000284	_get_stream_buffer_pointers
1400107c0	FUN_1400107c0	1400112b3	EXTERNAL:0000005b	_Init
1400107c0	FUN_1400107c0	1400112da	EXTERNAL:0000005e	getloc
1400107c0	FUN_1400107c0	1400112e4	14000e0b0	FUN_14000e0b0
1400107c0	FUN_1400107c0	1400112ef	EXTERNAL:00000065	always_noconv
1400107c0	FUN_1400107c0	140011307	EXTERNAL:0000005c	_Init
1400107c0	FUN_1400107c0	14001134b	EXTERNAL:00000057	setstate
1400107c0	FUN_1400107c0	140011390	EXTERNAL:00000053	write
1400107c0	FUN_1400107c0	14001139a	140013c90	FUN_140013c90
1400107c0	FUN_1400107c0	1400113ba	EXTERNAL:00000057	setstate
1400107c0	FUN_1400107c0	1400113ca	EXTERNAL:000002ae	free
1400107c0	FUN_1400107c0	1400113f4	14000e800	FUN_14000e800
1400107c0	FUN_1400107c0	1400113fd	EXTERNAL:00000054	~basic_ostream<char,struct_std::char_traits<char>_>
1400107c0	FUN_1400107c0	14001140a	EXTERNAL:00000058	~basic_ios<char,struct_std::char_traits<char>_>
1400107c0	FUN_1400107c0	14001144d	1400363fc	free
1400107c0	FUN_1400107c0	140011474	140020e30	FUN_140020e30
1400107c0	FUN_1400107c0	140011481	EXTERNAL:000001a0	GetManager
1400107c0	FUN_1400107c0	14001148e	EXTERNAL:000001b9	CStringT<char,class_StrTraitMFC_DLL<char,class_ATL::ChTraitsCRT<char>_>_>
1400107c0	FUN_1400107c0	1400114b8	EXTERNAL:000001bb	Concatenate
1400107c0	FUN_1400107c0	1400114cf	EXTERNAL:000001a2	operator=
1400107c0	FUN_1400107c0	1400114e0	EXTERNAL:000001af	~CStringT<char,class_StrTraitMFC_DLL<char,class_ATL::ChTraitsCRT<char>_>_>
1400107c0	FUN_1400107c0	1400114eb	EXTERNAL:000001af	~CStringT<char,class_StrTraitMFC_DLL<char,class_ATL::ChTraitsCRT<char>_>_>
1400107c0	FUN_1400107c0	14001150f	EXTERNAL:000002a5	_invalid_parameter_noinfo_noreturn
1400107c0	FUN_1400107c0	140011516	EXTERNAL:000002a5	_invalid_parameter_noinfo_noreturn
1400107c0	FUN_1400107c0	14001151d	EXTERNAL:000002a5	_invalid_parameter_noinfo_noreturn
1400107c0	FUN_1400107c0	14001152b	EXTERNAL:000001ef	SetEvent
1400107c0	FUN_1400107c0	140011537	EXTERNAL:000001af	~CStringT<char,class_StrTraitMFC_DLL<char,class_ATL::ChTraitsCRT<char>_>_>
1400107c0	FUN_1400107c0	140011543	EXTERNAL:000001af	~CStringT<char,class_StrTraitMFC_DLL<char,class_ATL::ChTraitsCRT<char>_>_>
1400107c0	FUN_1400107c0	140011553	1400364d0	__security_check_cookie
140012ec0	FUN_140012ec0	140012f5f	EXTERNAL:000002ae	free
140012ec0	FUN_140012ec0	140012f73	14003643c	operator_new
140012ec0	FUN_140012ec0	140012f87	140039b36	memset
140012ec0	FUN_140012ec0	1400130ad	140039a88	rectangle
140012ec0	FUN_140012ec0	14001319e	EXTERNAL:000001ee	ResetEvent
140012ec0	FUN_140012ec0	1400131ab	EXTERNAL:000001ee	ResetEvent
140012ec0	FUN_140012ec0	1400131d2	EXTERNAL:00000264	xiGetParamInt
140012ec0	FUN_140012ec0	14001327c	140039b36	memset
140012ec0	FUN_140012ec0	1400132b2	EXTERNAL:0000025d	xiGetImage
140012ec0	FUN_140012ec0	1400132dc	140020e20	FUN_140020e20
140012ec0	FUN_140012ec0	14001331b	140039b1e	memcpy
140012ec0	FUN_140012ec0	140013432	140020e30	FUN_140020e30
140012ec0	FUN_140012ec0	14001343d	EXTERNAL:000001a0	GetManager
140012ec0	FUN_140012ec0	14001344a	EXTERNAL:000001b9	CStringT<char,class_StrTraitMFC_DLL<char,class_ATL::ChTraitsCRT<char>_>_>
140012ec0	FUN_140012ec0	14001347e	EXTERNAL:000001bb	Concatenate
140012ec0	FUN_140012ec0	140013495	EXTERNAL:000001a2	operator=
140012ec0	FUN_140012ec0	1400134a4	EXTERNAL:000001af	~CStringT<char,class_StrTraitMFC_DLL<char,class_ATL::ChTraitsCRT<char>_>_>
140012ec0	FUN_140012ec0	1400134af	EXTERNAL:000001af	~CStringT<char,class_StrTraitMFC_DLL<char,class_ATL::ChTraitsCRT<char>_>_>
140012ec0	FUN_140012ec0	1400134c8	EXTERNAL:0000028f	_time64
140012ec0	FUN_140012ec0	1400134d8	EXTERNAL:00000291	_localtime64
140012ec0	FUN_140012ec0	140013516	EXTERNAL:00000290	strftime
140012ec0	FUN_140012ec0	140013575	14000ab60	FUN_14000ab60
140012ec0	FUN_140012ec0	14001359c	140039a9a	getTextSize
140012ec0	FUN_140012ec0	1400135d8	1400363fc	free
140012ec0	FUN_140012ec0	140013635	140039a88	rectangle
140012ec0	FUN_140012ec0	140013675	14000ab60	FUN_14000ab60
140012ec0	FUN_140012ec0	1400136ec	140039a94	putText
140012ec0	FUN_140012ec0	140013728	1400363fc	free
140012ec0	FUN_140012ec0	1400137a2	140039a8e	ellipse
140012ec0	FUN_140012ec0	14001383d	140039a8e	ellipse
140012ec0	FUN_140012ec0	14001385b	140039b1e	memcpy
140012ec0	FUN_140012ec0	140013864	EXTERNAL:0000020a	EnterCriticalSection
140012ec0	FUN_140012ec0	14001388e	EXTERNAL:000001ef	SetEvent
140012ec0	FUN_140012ec0	140013898	EXTERNAL:00000209	LeaveCriticalSection
140012ec0	FUN_140012ec0	1400138f1	1400190f0	FUN_1400190f0
140012ec0	FUN_140012ec0	14001392b	EXTERNAL:000001ef	SetEvent
140012ec0	FUN_140012ec0	14001393f	EXTERNAL:000002a5	_invalid_parameter_noinfo_noreturn
140012ec0	FUN_140012ec0	140013946	EXTERNAL:000002a5	_invalid_parameter_noinfo_noreturn
140012ec0	FUN_140012ec0	140013963	EXTERNAL:00000228	MessageBoxA
140012ec0	FUN_140012ec0	140013970	EXTERNAL:000001ef	SetEvent
140012ec0	FUN_140012ec0	140013985	140039aa0	_interlockedExchangeAdd
140012ec0	FUN_140012ec0	140013993	140039a7c	deallocate
140012ec0	FUN_140012ec0	1400139d7	140039a58	fastFree
140012ec0	FUN_140012ec0	1400139e7	1400364d0	__security_check_cookie
14001ac90	FUN_14001ac90	14001ace6	140020e20	FUN_140020e20
14001ac90	FUN_14001ac90	14001acf2	140038176	CPaintDC
14001ac90	FUN_14001ac90	14001ad08	EXTERNAL:00000219	GetClientRect
14001ac90	FUN_14001ac90	14001ad12	EXTERNAL:00000222	IsIconic
14001ac90	FUN_14001ac90	14001ad20	EXTERNAL:0000021c	GetDC
14001ac90	FUN_14001ac90	14001ad29	14003812e	FromHandle
14001ac90	FUN_14001ac90	14001ad43	EXTERNAL:0000021d	DrawIcon
14001ac90	FUN_14001ac90	14001ad51	EXTERNAL:0000022d	ReleaseDC
14001ac90	FUN_14001ac90	14001ad6e	14003813a	CDC
14001ac90	FUN_14001ac90	14001ad7f	EXTERNAL:00000230	CreateCompatibleDC
14001ac90	FUN_14001ac90	14001ad8d	140038134	Attach
14001ac90	FUN_14001ac90	14001ada7	1400381c4	MessageBoxA
14001ac90	FUN_14001ac90	14001adaf	140018eb0	FUN_140018eb0
14001ac90	FUN_14001ac90	14001adba	14003816a	~CDC
14001ac90	FUN_14001ac90	14001adcb	140038116	FromHandle
14001ac90	FUN_14001ac90	14001ade0	140038170	SelectGdiObject
14001ac90	FUN_14001ac90	14001ae08	EXTERNAL:0000023a	SetDIBColorTable
14001ac90	FUN_14001ac90	14001ae25	EXTERNAL:0000023a	SetDIBColorTable
14001ac90	FUN_14001ac90	14001ae41	140038146	SelectPalette
14001ac90	FUN_14001ac90	14001ae4a	EXTERNAL:0000023e	RealizePalette
14001ac90	FUN_14001ac90	14001ae5a	140038152	SetStretchBltMode
14001ac90	FUN_14001ac90	14001ae6d	140038146	SelectPalette
14001ac90	FUN_14001ac90	14001ae76	EXTERNAL:0000023e	RealizePalette
14001ac90	FUN_14001ac90	14001ae90	140038152	SetStretchBltMode
14001ac90	FUN_14001ac90	14001aebd	140038164	FillSolidRect
14001ac90	FUN_14001ac90	14001aee4	140038164	FillSolidRect
14001ac90	FUN_14001ac90	14001af36	EXTERNAL:00000234	BitBlt
14001ac90	FUN_14001ac90	14001af50	140019970	FUN_140019970
14001ac90	FUN_14001ac90	14001afb3	EXTERNAL:0000023c	StretchBlt
14001ac90	FUN_14001ac90	14001afc9	140019970	FUN_140019970
14001ac90	FUN_14001ac90	14001afd9	140038158	ExcludeClipRect
14001ac90	FUN_14001ac90	14001afe9	14003815e	FillSolidRect
14001ac90	FUN_14001ac90	14001b003	EXTERNAL:00000238	SetBrushOrgEx
14001ac90	FUN_14001ac90	14001b019	140038170	SelectGdiObject
14001ac90	FUN_14001ac90	14001b023	140038140	DeleteDC
14001ac90	FUN_14001ac90	14001b02e	14003816a	~CDC
14001ac90	FUN_14001ac90	14001b03f	14001b580	FUN_14001b580
14001ac90	FUN_14001ac90	14001b057	EXTERNAL:00000203	GetTickCount
14001ac90	FUN_14001ac90	14001b0bd	EXTERNAL:00000203	GetTickCount
14001ac90	FUN_14001ac90	14001b0ee	EXTERNAL:000001b0	CStringT<char,class_StrTraitMFC_DLL<char,class_ATL::ChTraitsCRT<char>_>_>
14001ac90	FUN_14001ac90	14001b13a	EXTERNAL:00000197	Format
14001ac90	FUN_14001ac90	14001b14c	140020e30	FUN_140020e30
14001ac90	FUN_14001ac90	14001b157	EXTERNAL:000001a0	GetManager
14001ac90	FUN_14001ac90	14001b165	EXTERNAL:000001b9	CStringT<char,class_StrTraitMFC_DLL<char,class_ATL::ChTraitsCRT<char>_>_>
14001ac90	FUN_14001ac90	14001b1a5	EXTERNAL:000001bb	Concatenate
14001ac90	FUN_14001ac90	14001b1b5	EXTERNAL:000001a2	operator=
14001ac90	FUN_14001ac90	14001b1c1	EXTERNAL:000001af	~CStringT<char,class_StrTraitMFC_DLL<char,class_ATL::ChTraitsCRT<char>_>_>
14001ac90	FUN_14001ac90	14001b1cd	EXTERNAL:000001af	~CStringT<char,class_StrTraitMFC_DLL<char,class_ATL::ChTraitsCRT<char>_>_>
14001ac90	FUN_14001ac90	14001b1db	EXTERNAL:000001a0	GetManager
14001ac90	FUN_14001ac90	14001b1e9	EXTERNAL:000001b9	CStringT<char,class_StrTraitMFC_DLL<char,class_ATL::ChTraitsCRT<char>_>_>
14001ac90	FUN_14001ac90	14001b225	EXTERNAL:000001bb	Concatenate
14001ac90	FUN_14001ac90	14001b22f	EXTERNAL:000001a0	GetManager
14001ac90	FUN_14001ac90	14001b23c	EXTERNAL:000001b9	CStringT<char,class_StrTraitMFC_DLL<char,class_ATL::ChTraitsCRT<char>_>_>
14001ac90	FUN_14001ac90	14001b267	EXTERNAL:000001bb	Concatenate
14001ac90	FUN_14001ac90	14001b271	EXTERNAL:000001a0	GetManager
14001ac90	FUN_14001ac90	14001b27e	EXTERNAL:000001b9	CStringT<char,class_StrTraitMFC_DLL<char,class_ATL::ChTraitsCRT<char>_>_>
14001ac90	FUN_14001ac90	14001b2ae	EXTERNAL:000001bb	Concatenate
14001ac90	FUN_14001ac90	14001b2b8	EXTERNAL:000001a0	GetManager
14001ac90	FUN_14001ac90	14001b2c5	EXTERNAL:000001b9	CStringT<char,class_StrTraitMFC_DLL<char,class_ATL::ChTraitsCRT<char>_>_>
14001ac90	FUN_14001ac90	14001b2f0	EXTERNAL:000001bb	Concatenate
14001ac90	FUN_14001ac90	14001b2fa	EXTERNAL:000001a0	GetManager
14001ac90	FUN_14001ac90	14001b307	EXTERNAL:000001b9	CStringT<char,class_StrTraitMFC_DLL<char,class_ATL::ChTraitsCRT<char>_>_>
14001ac90	FUN_14001ac90	14001b33c	EXTERNAL:000001bb	Concatenate
14001ac90	FUN_14001ac90	14001b346	EXTERNAL:000001a0	GetManager
14001ac90	FUN_14001ac90	14001b353	EXTERNAL:000001b9	CStringT<char,class_StrTraitMFC_DLL<char,class_ATL::ChTraitsCRT<char>_>_>
14001ac90	FUN_14001ac90	14001b37e	EXTERNAL:000001bb	Concatenate
14001ac90	FUN_14001ac90	14001b388	EXTERNAL:000001a0	GetManager
14001ac90	FUN_14001ac90	14001b395	EXTERNAL:000001b9	CStringT<char,class_StrTraitMFC_DLL<char,class_ATL::ChTraitsCRT<char>_>_>
14001ac90	FUN_14001ac90	14001b3cc	EXTERNAL:000001bb	Concatenate
14001ac90	FUN_14001ac90	14001b3d6	EXTERNAL:000001a0	GetManager
14001ac90	FUN_14001ac90	14001b3e3	EXTERNAL:000001b9	CStringT<char,class_StrTraitMFC_DLL<char,class_ATL::ChTraitsCRT<char>_>_>
14001ac90	FUN_14001ac90	14001b40e	EXTERNAL:000001bb	Concatenate
14001ac90	FUN_14001ac90	14001b418	EXTERNAL:000001a0	GetManager
14001ac90	FUN_14001ac90	14001b425	EXTERNAL:000001b9	CStringT<char,class_StrTraitMFC_DLL<char,class_ATL::ChTraitsCRT<char>_>_>
14001ac90	FUN_14001ac90	14001b452	EXTERNAL:000001bb	Concatenate
14001ac90	FUN_14001ac90	14001b45c	EXTERNAL:000001a0	GetManager
14001ac90	FUN_14001ac90	14001b46a	EXTERNAL:000001b9	CStringT<char,class_StrTraitMFC_DLL<char,class_ATL::ChTraitsCRT<char>_>_>
14001ac90	FUN_14001ac90	14001b496	EXTERNAL:000001bb	Concatenate
14001ac90	FUN_14001ac90	14001b4a6	EXTERNAL:000000df	operator=
14001ac90	FUN_14001ac90	14001b4b2	EXTERNAL:000001af	~CStringT<char,class_StrTraitMFC_DLL<char,class_ATL::ChTraitsCRT<char>_>_>
14001ac90	FUN_14001ac90	14001b4bd	EXTERNAL:000001af	~CStringT<char,class_StrTraitMFC_DLL<char,class_ATL::ChTraitsCRT<char>_>_>
14001ac90	FUN_14001ac90	14001b4c8	EXTERNAL:000001af	~CStringT<char,class_StrTraitMFC_DLL<char,class_ATL::ChTraitsCRT<char>_>_>
14001ac90	FUN_14001ac90	14001b4d3	EXTERNAL:000001af	~CStringT<char,class_StrTraitMFC_DLL<char,class_ATL::ChTraitsCRT<char>_>_>
14001ac90	FUN_14001ac90	14001b4de	EXTERNAL:000001af	~CStringT<char,class_StrTraitMFC_DLL<char,class_ATL::ChTraitsCRT<char>_>_>
14001ac90	FUN_14001ac90	14001b4e9	EXTERNAL:000001af	~CStringT<char,class_StrTraitMFC_DLL<char,class_ATL::ChTraitsCRT<char>_>_>
14001ac90	FUN_14001ac90	14001b4f4	EXTERNAL:000001af	~CStringT<char,class_StrTraitMFC_DLL<char,class_ATL::ChTraitsCRT<char>_>_>
14001ac90	FUN_14001ac90	14001b4ff	EXTERNAL:000001af	~CStringT<char,class_StrTraitMFC_DLL<char,class_ATL::ChTraitsCRT<char>_>_>
14001ac90	FUN_14001ac90	14001b50a	EXTERNAL:000001af	~CStringT<char,class_StrTraitMFC_DLL<char,class_ATL::ChTraitsCRT<char>_>_>
14001ac90	FUN_14001ac90	14001b516	EXTERNAL:000001af	~CStringT<char,class_StrTraitMFC_DLL<char,class_ATL::ChTraitsCRT<char>_>_>
14001ac90	FUN_14001ac90	14001b521	EXTERNAL:000001af	~CStringT<char,class_StrTraitMFC_DLL<char,class_ATL::ChTraitsCRT<char>_>_>
14001ac90	FUN_14001ac90	14001b52c	14003817c	~CPaintDC
14001ac90	FUN_14001ac90	14001b538	1400364d0	__security_check_cookie
140025ea0	FUN_140025ea0	140025ece	1400381e8	CDialog
140025ea0	FUN_140025ea0	140025f01	140036d30	`eh_vector_constructor_iterator'
140025ea0	FUN_140025ea0	140025f16	140037eb8	CWnd
140025ea0	FUN_140025ea0	140025f34	140037eb8	CWnd
140025ea0	FUN_140025ea0	140025f4b	140037eb8	CWnd
140025ea0	FUN_140025ea0	140025f8b	EXTERNAL:000001a1	operator=
140025ea0	FUN_140025ea0	140025f9f	EXTERNAL:000001a1	operator=
140025ea0	FUN_140025ea0	140025fb3	EXTERNAL:000001a1	operator=
140025ea0	FUN_140025ea0	140025fc7	EXTERNAL:000001a1	operator=
140025ea0	FUN_140025ea0	140025fdb	EXTERNAL:000001a1	operator=
14002d090	FUN_14002d090	14002d0d3	EXTERNAL:000001b7	CStringT<char,class_StrTraitMFC_DLL<char,class_ATL::ChTraitsCRT<char>_>_>
14002d090	FUN_14002d090	14002d0ed	EXTERNAL:000001b0	CStringT<char,class_StrTraitMFC_DLL<char,class_ATL::ChTraitsCRT<char>_>_>
14002d090	FUN_14002d090	14002d0fe	EXTERNAL:000001b7	CStringT<char,class_StrTraitMFC_DLL<char,class_ATL::ChTraitsCRT<char>_>_>
14002d090	FUN_14002d090	14002d116	14001f270	FUN_14001f270
14002d090	FUN_14002d090	14002d12f	EXTERNAL:000001b0	CStringT<char,class_StrTraitMFC_DLL<char,class_ATL::ChTraitsCRT<char>_>_>
14002d090	FUN_14002d090	14002d140	EXTERNAL:000001b7	CStringT<char,class_StrTraitMFC_DLL<char,class_ATL::ChTraitsCRT<char>_>_>
14002d090	FUN_14002d090	14002d158	14001f270	FUN_14001f270
14002d090	FUN_14002d090	14002d171	EXTERNAL:000001b0	CStringT<char,class_StrTraitMFC_DLL<char,class_ATL::ChTraitsCRT<char>_>_>
14002d090	FUN_14002d090	14002d182	EXTERNAL:000001b7	CStringT<char,class_StrTraitMFC_DLL<char,class_ATL::ChTraitsCRT<char>_>_>
14002d090	FUN_14002d090	14002d19a	14001f270	FUN_14001f270
14002d090	FUN_14002d090	14002d1a8	EXTERNAL:000001b7	CStringT<char,class_StrTraitMFC_DLL<char,class_ATL::ChTraitsCRT<char>_>_>
14002d090	FUN_14002d090	14002d1b4	14002a000	FUN_14002a000
14002d090	FUN_14002d090	14002d1c3	EXTERNAL:000001a0	GetManager
14002d090	FUN_14002d090	14002d1d0	EXTERNAL:000001b9	CStringT<char,class_StrTraitMFC_DLL<char,class_ATL::ChTraitsCRT<char>_>_>
14002d090	FUN_14002d090	14002d214	EXTERNAL:000001bb	Concatenate
14002d090	FUN_14002d090	14002d21e	EXTERNAL:000001a0	GetManager
14002d090	FUN_14002d090	14002d22b	EXTERNAL:000001b9	CStringT<char,class_StrTraitMFC_DLL<char,class_ATL::ChTraitsCRT<char>_>_>
14002d090	FUN_14002d090	14002d25e	EXTERNAL:000001bb	Concatenate
14002d090	FUN_14002d090	14002d270	EXTERNAL:00000098	Insert
14002d090	FUN_14002d090	14002d27b	EXTERNAL:000001af	~CStringT<char,class_StrTraitMFC_DLL<char,class_ATL::ChTraitsCRT<char>_>_>
14002d090	FUN_14002d090	14002d286	EXTERNAL:000001af	~CStringT<char,class_StrTraitMFC_DLL<char,class_ATL::ChTraitsCRT<char>_>_>
14002d090	FUN_14002d090	14002d294	1400382b4	GetDlgItem
14002d090	FUN_14002d090	14002d2a8	EXTERNAL:00000225	SendMessageA
14002d090	FUN_14002d090	14002d2c8	EXTERNAL:000001b7	CStringT<char,class_StrTraitMFC_DLL<char,class_ATL::ChTraitsCRT<char>_>_>
14002d090	FUN_14002d090	14002d2dd	EXTERNAL:00000192	Find
14002d090	FUN_14002d090	14002d2ff	EXTERNAL:000001b7	CStringT<char,class_StrTraitMFC_DLL<char,class_ATL::ChTraitsCRT<char>_>_>
14002d090	FUN_14002d090	14002d310	EXTERNAL:000001b7	CStringT<char,class_StrTraitMFC_DLL<char,class_ATL::ChTraitsCRT<char>_>_>
14002d090	FUN_14002d090	14002d324	EXTERNAL:000001b0	CStringT<char,class_StrTraitMFC_DLL<char,class_ATL::ChTraitsCRT<char>_>_>
14002d090	FUN_14002d090	14002d337	1400329a0	FUN_1400329a0
14002d090	FUN_14002d090	14002d341	EXTERNAL:000001af	~CStringT<char,class_StrTraitMFC_DLL<char,class_ATL::ChTraitsCRT<char>_>_>
14002d090	FUN_14002d090	14002d35a	EXTERNAL:00000192	Find
14002d090	FUN_14002d090	14002d368	140030ce0	FUN_140030ce0
14002d090	FUN_14002d090	14002d37d	140033dd0	FUN_140033dd0
14002d090	FUN_14002d090	14002d395	EXTERNAL:00000192	Find
14002d090	FUN_14002d090	14002d3a3	140030ce0	FUN_140030ce0
14002d090	FUN_14002d090	14002d3b8	140034080	FUN_140034080
14002d090	FUN_14002d090	14002d3d0	EXTERNAL:00000192	Find
14002d090	FUN_14002d090	14002d416	EXTERNAL:000001b0	CStringT<char,class_StrTraitMFC_DLL<char,class_ATL::ChTraitsCRT<char>_>_>
14002d090	FUN_14002d090	14002d451	EXTERNAL:000001b0	CStringT<char,class_StrTraitMFC_DLL<char,class_ATL::ChTraitsCRT<char>_>_>
14002d090	FUN_14002d090	14002d46a	EXTERNAL:00000197	Format
14002d090	FUN_14002d090	14002d47b	EXTERNAL:000001b0	CStringT<char,class_StrTraitMFC_DLL<char,class_ATL::ChTraitsCRT<char>_>_>
14002d090	FUN_14002d090	14002d491	EXTERNAL:00000225	SendMessageA
14002d090	FUN_14002d090	14002d4a0	1400382d2	GetLBText
14002d090	FUN_14002d090	14002d4aa	EXTERNAL:000001a0	GetManager
14002d090	FUN_14002d090	14002d4b7	EXTERNAL:000001b9	CStringT<char,class_StrTraitMFC_DLL<char,class_ATL::ChTraitsCRT<char>_>_>
14002d090	FUN_14002d090	14002d4e3	EXTERNAL:000001bb	Concatenate
14002d090	FUN_14002d090	14002d4ed	EXTERNAL:000001a0	GetManager
14002d090	FUN_14002d090	14002d4fa	EXTERNAL:000001b9	CStringT<char,class_StrTraitMFC_DLL<char,class_ATL::ChTraitsCRT<char>_>_>
14002d090	FUN_14002d090	14002d526	EXTERNAL:000001bb	Concatenate
14002d090	FUN_14002d090	14002d530	EXTERNAL:000001a0	GetManager
14002d090	FUN_14002d090	14002d53d	EXTERNAL:000001b9	CStringT<char,class_StrTraitMFC_DLL<char,class_ATL::ChTraitsCRT<char>_>_>
14002d090	FUN_14002d090	14002d566	EXTERNAL:000001bb	Concatenate
14002d090	FUN_14002d090	14002d570	EXTERNAL:000001a0	GetManager
14002d090	FUN_14002d090	14002d57d	EXTERNAL:000001b9	CStringT<char,class_StrTraitMFC_DLL<char,class_ATL::ChTraitsCRT<char>_>_>
14002d090	FUN_14002d090	14002d5a8	EXTERNAL:000001bb	Concatenate
14002d090	FUN_14002d090	14002d5b5	EXTERNAL:00000096	Append
14002d090	FUN_14002d090	14002d5c0	EXTERNAL:000001af	~CStringT<char,class_StrTraitMFC_DLL<char,class_ATL::ChTraitsCRT<char>_>_>
14002d090	FUN_14002d090	14002d5cb	EXTERNAL:000001af	~CStringT<char,class_StrTraitMFC_DLL<char,class_ATL::ChTraitsCRT<char>_>_>
14002d090	FUN_14002d090	14002d5d6	EXTERNAL:000001af	~CStringT<char,class_StrTraitMFC_DLL<char,class_ATL::ChTraitsCRT<char>_>_>
14002d090	FUN_14002d090	14002d5e3	EXTERNAL:000001af	~CStringT<char,class_StrTraitMFC_DLL<char,class_ATL::ChTraitsCRT<char>_>_>
14002d090	FUN_14002d090	14002d5ee	EXTERNAL:000001af	~CStringT<char,class_StrTraitMFC_DLL<char,class_ATL::ChTraitsCRT<char>_>_>
14002d090	FUN_14002d090	14002d5f9	EXTERNAL:000001af	~CStringT<char,class_StrTraitMFC_DLL<char,class_ATL::ChTraitsCRT<char>_>_>
14002d090	FUN_14002d090	14002d62d	EXTERNAL:000001b0	CStringT<char,class_StrTraitMFC_DLL<char,class_ATL::ChTraitsCRT<char>_>_>
14002d090	FUN_14002d090	14002d63f	EXTERNAL:000000e2	operator+=
14002d090	FUN_14002d090	14002d650	EXTERNAL:000000e2	operator+=
14002d090	FUN_14002d090	14002d661	EXTERNAL:000000e2	operator+=
14002d090	FUN_14002d090	14002d672	EXTERNAL:000001b0	CStringT<char,class_StrTraitMFC_DLL<char,class_ATL::ChTraitsCRT<char>_>_>
14002d090	FUN_14002d090	14002d6c9	EXTERNAL:000001b7	CStringT<char,class_StrTraitMFC_DLL<char,class_ATL::ChTraitsCRT<char>_>_>
14002d090	FUN_14002d090	14002d6de	14000fa20	FUN_14000fa20
14002d090	FUN_14002d090	14002d6ea	1400210f0	FUN_1400210f0
14002d090	FUN_14002d090	14002d6f9	14002a190	FUN_14002a190
14002d090	FUN_14002d090	14002d76f	140009010	FUN_140009010
14002d090	FUN_14002d090	14002d7e0	EXTERNAL:00000197	Format
14002d090	FUN_14002d090	14002d7eb	EXTERNAL:000001af	~CStringT<char,class_StrTraitMFC_DLL<char,class_ATL::ChTraitsCRT<char>_>_>
14002d090	FUN_14002d090	14002d7f6	EXTERNAL:000001af	~CStringT<char,class_StrTraitMFC_DLL<char,class_ATL::ChTraitsCRT<char>_>_>
14002d090	FUN_14002d090	14002d801	EXTERNAL:000001af	~CStringT<char,class_StrTraitMFC_DLL<char,class_ATL::ChTraitsCRT<char>_>_>
14002d090	FUN_14002d090	14002d81f	EXTERNAL:000001b7	CStringT<char,class_StrTraitMFC_DLL<char,class_ATL::ChTraitsCRT<char>_>_>
14002d090	FUN_14002d090	14002d830	EXTERNAL:000001b7	CStringT<char,class_StrTraitMFC_DLL<char,class_ATL::ChTraitsCRT<char>_>_>
14002d090	FUN_14002d090	14002d841	EXTERNAL:000001b7	CStringT<char,class_StrTraitMFC_DLL<char,class_ATL::ChTraitsCRT<char>_>_>
14002d090	FUN_14002d090	14002d855	1400329a0	FUN_1400329a0
14002d090	FUN_14002d090	14002d85f	EXTERNAL:000001af	~CStringT<char,class_StrTraitMFC_DLL<char,class_ATL::ChTraitsCRT<char>_>_>
14002d090	FUN_14002d090	14002d86a	EXTERNAL:000001af	~CStringT<char,class_StrTraitMFC_DLL<char,class_ATL::ChTraitsCRT<char>_>_>
14002d090	FUN_14002d090	14002d875	EXTERNAL:000001af	~CStringT<char,class_StrTraitMFC_DLL<char,class_ATL::ChTraitsCRT<char>_>_>
14002d090	FUN_14002d090	14002d88e	EXTERNAL:00000192	Find
14002d090	FUN_14002d090	14002d8c6	EXTERNAL:00000192	Find
14002d090	FUN_14002d090	14002d8e0	EXTERNAL:0000017b	Replace
14002d090	FUN_14002d090	14002d8f8	EXTERNAL:0000017b	Replace
14002d090	FUN_14002d090	14002d909	EXTERNAL:00000177	Mid
14002d090	FUN_14002d090	14002d914	EXTERNAL:000002b3	atoi
14002d090	FUN_14002d090	14002d931	EXTERNAL:000001b0	CStringT<char,class_StrTraitMFC_DLL<char,class_ATL::ChTraitsCRT<char>_>_>
14002d090	FUN_14002d090	14002d94a	EXTERNAL:00000197	Format
14002d090	FUN_14002d090	14002d96d	EXTERNAL:00000225	SendMessageA
14002d090	FUN_14002d090	14002d981	140037e0a	SetWindowTextA
14002d090	FUN_14002d090	14002d99d	14000aaa0	FUN_14000aaa0
14002d090	FUN_14002d090	14002d9a6	EXTERNAL:000001ba	CStringT<char,class_StrTraitMFC_DLL<char,class_ATL::ChTraitsCRT<char>_>_>
14002d090	FUN_14002d090	14002d9ca	EXTERNAL:00000197	Format
14002d090	FUN_14002d090	14002d9e8	EXTERNAL:000001b7	CStringT<char,class_StrTraitMFC_DLL<char,class_ATL::ChTraitsCRT<char>_>_>
14002d090	FUN_14002d090	14002d9f9	EXTERNAL:000001b7	CStringT<char,class_StrTraitMFC_DLL<char,class_ATL::ChTraitsCRT<char>_>_>
14002d090	FUN_14002d090	14002da0a	EXTERNAL:000001b7	CStringT<char,class_StrTraitMFC_DLL<char,class_ATL::ChTraitsCRT<char>_>_>
14002d090	FUN_14002d090	14002da1d	1400329a0	FUN_1400329a0
14002d090	FUN_14002d090	14002da27	EXTERNAL:000001af	~CStringT<char,class_StrTraitMFC_DLL<char,class_ATL::ChTraitsCRT<char>_>_>
14002d090	FUN_14002d090	14002da32	EXTERNAL:000001af	~CStringT<char,class_StrTraitMFC_DLL<char,class_ATL::ChTraitsCRT<char>_>_>
14002d090	FUN_14002d090	14002da3d	EXTERNAL:000001af	~CStringT<char,class_StrTraitMFC_DLL<char,class_ATL::ChTraitsCRT<char>_>_>
14002d090	FUN_14002d090	14002da56	EXTERNAL:00000192	Find
14002d090	FUN_14002d090	14002da73	EXTERNAL:00000192	Find
14002d090	FUN_14002d090	14002da8d	EXTERNAL:0000017b	Replace
14002d090	FUN_14002d090	14002daa5	EXTERNAL:0000017b	Replace
14002d090	FUN_14002d090	14002dab6	EXTERNAL:00000177	Mid
14002d090	FUN_14002d090	14002dac0	EXTERNAL:00000159	Trim
14002d090	FUN_14002d090	14002dacd	EXTERNAL:000001b7	CStringT<char,class_StrTraitMFC_DLL<char,class_ATL::ChTraitsCRT<char>_>_>
14002d090	FUN_14002d090	14002dad8	EXTERNAL:000001af	~CStringT<char,class_StrTraitMFC_DLL<char,class_ATL::ChTraitsCRT<char>_>_>
14002d090	FUN_14002d090	14002daec	14002c100	FUN_14002c100
14002d090	FUN_14002d090	14002dafc	EXTERNAL:000001b0	CStringT<char,class_StrTraitMFC_DLL<char,class_ATL::ChTraitsCRT<char>_>_>
14002d090	FUN_14002d090	14002db12	EXTERNAL:00000197	Format
14002d090	FUN_14002d090	14002db30	EXTERNAL:000001b7	CStringT<char,class_StrTraitMFC_DLL<char,class_ATL::ChTraitsCRT<char>_>_>
14002d090	FUN_14002d090	14002db41	EXTERNAL:000001b7	CStringT<char,class_StrTraitMFC_DLL<char,class_ATL::ChTraitsCRT<char>_>_>
14002d090	FUN_14002d090	14002db52	EXTERNAL:000001b7	CStringT<char,class_StrTraitMFC_DLL<char,class_ATL::ChTraitsCRT<char>_>_>
14002d090	FUN_14002d090	14002db65	1400329a0	FUN_1400329a0
14002d090	FUN_14002d090	14002db6f	EXTERNAL:000001af	~CStringT<char,class_StrTraitMFC_DLL<char,class_ATL::ChTraitsCRT<char>_>_>
14002d090	FUN_14002d090	14002db7a	EXTERNAL:000001af	~CStringT<char,class_StrTraitMFC_DLL<char,class_ATL::ChTraitsCRT<char>_>_>
14002d090	FUN_14002d090	14002db96	140036e9c	operator_new
14002d090	FUN_14002d090	14002dbaa	140025ea0	FUN_140025ea0
14002d090	FUN_14002d090	14002dbdd	140026860	FUN_140026860
14002d090	FUN_14002d090	14002dbf0	140038302	GetWindowTextLengthA
14002d090	FUN_14002d090	14002dc1a	EXTERNAL:00000225	SendMessageA
14002d090	FUN_14002d090	14002dc32	EXTERNAL:00000225	SendMessageA
14002d090	FUN_14002d090	14002dc55	EXTERNAL:00000225	SendMessageA
14002d090	FUN_14002d090	14002dc69	140038302	GetWindowTextLengthA
14002d090	FUN_14002d090	14002dc87	EXTERNAL:00000225	SendMessageA
14002d090	FUN_14002d090	14002dc9f	EXTERNAL:00000225	SendMessageA
14002d090	FUN_14002d090	14002dcbf	EXTERNAL:00000225	SendMessageA
14002d090	FUN_14002d090	14002dcca	EXTERNAL:000001af	~CStringT<char,class_StrTraitMFC_DLL<char,class_ATL::ChTraitsCRT<char>_>_>
14002d090	FUN_14002d090	14002dcd5	EXTERNAL:000001af	~CStringT<char,class_StrTraitMFC_DLL<char,class_ATL::ChTraitsCRT<char>_>_>
14002d090	FUN_14002d090	14002dce0	EXTERNAL:000001af	~CStringT<char,class_StrTraitMFC_DLL<char,class_ATL::ChTraitsCRT<char>_>_>
14002d090	FUN_14002d090	14002dceb	EXTERNAL:000001af	~CStringT<char,class_StrTraitMFC_DLL<char,class_ATL::ChTraitsCRT<char>_>_>
140030c50	FUN_140030c50	140030c73	140036e9c	operator_new
140030c50	FUN_140030c50	140030c88	140025ea0	FUN_140025ea0
140030c50	FUN_140030c50	140030cb8	140026860	FUN_140026860
140030c50	FUN_140030c50	140030cd0	140037e40	SetFocus
140036d30	`eh_vector_constructor_iterator'	140036d73	140039e50	_guard_dispatch_icall
