function_entry	function	ref_from	string_addr	string
1400152d0	FUN_1400152d0	1400152fe	1400630d8	0x2b992ddfa232
1400152d0	FUN_1400152d0	140015384	140042290	000619dc
1400152d0	FUN_1400152d0	1400153d5	140043588	800000000000013c
1400152d0	FUN_1400152d0	1400153dc	140044410	Jpeg decoding (CPU): 
1400152d0	FUN_1400152d0	1400153e7	140043538	8000000000000136
1400152d0	FUN_1400152d0	14001546b	140042788	800000000000000f
1400152d0	FUN_1400152d0	140015477	140042788	800000000000000f
1400152d0	FUN_1400152d0	140015486	140042788	800000000000000f
1400152d0	FUN_1400152d0	1400154bc	140045020	%d.%d.%d.%d
1400152d0	FUN_1400152d0	1400154c8	140043470	8000000000001228
1400152d0	FUN_1400152d0	1400154f1	1400434b0	8000000000000b53
1400152d0	FUN_1400152d0	140015784	1400434b0	8000000000000b53
1400152d0	FUN_1400152d0	140015906	1400434b0	8000000000000b53
1400152d0	FUN_1400152d0	1400159ff	140042298	000619d0
1400152d0	FUN_1400152d0	140015a43	140042298	000619d0
1400152d0	FUN_1400152d0	140015b6a	140042298	000619d0
1400152d0	FUN_1400152d0	140015bb8	140042280	000619fa
1400152d0	FUN_1400152d0	140015cd6	140042298	000619d0
1400152d0	FUN_1400152d0	140015d2d	140042298	000619d0
1400152d0	FUN_1400152d0	140015daa	140042370	000617e8
1400152d0	FUN_1400152d0	140015e4e	1400434b8	800000000000163b
1400152d0	FUN_1400152d0	140015e5b	140043580	8000000000000131
1400152d0	FUN_1400152d0	140015e89	140043590	8000000000000b65
1400152d0	FUN_1400152d0	140015ea7	1400434c8	80000000000005e0
1400152d0	FUN_1400152d0	140015eba	140043530	8000000000000408
1400152d0	FUN_1400152d0	140015ec5	140043530	8000000000000408
1400152d0	FUN_1400152d0	140015f37	140042368	00061800
1400152d0	FUN_1400152d0	140015f48	140042298	000619d0
1400152d0	FUN_1400152d0	14001604a	1400439ac	0x0
1400152d0	FUN_1400152d0	140016051	1400434c0	80000000000005e3
1400152d0	FUN_1400152d0	14001605e	140042298	000619d0
1400152d0	FUN_1400152d0	140016069	140043530	8000000000000408
1400152d0	FUN_1400152d0	140016075	140043530	8000000000000408
140007980	FUN_140007980	1400079bc	140043530	8000000000000408
140007980	FUN_140007980	1400079c7	140043588	800000000000013c
140007980	FUN_140007980	1400079e4	140043530	8000000000000408
140007980	FUN_140007980	1400079f0	140043588	800000000000013c
140007980	FUN_140007980	140007a0d	140043530	8000000000000408
140007980	FUN_140007980	140007a19	140043588	800000000000013c
140007980	FUN_140007980	140007a36	140043588	800000000000013c
140007980	FUN_140007980	140007ad4	140043588	800000000000013c
140007980	FUN_140007980	140007ae2	140043588	800000000000013c
140007980	FUN_140007980	140007b28	140042378	000617cc
140007980	FUN_140007980	140007b2e	1400440a0	WriteEvent
140007980	FUN_140007980	140007b3c	140042288	000619ea
140007980	FUN_140007980	140007b46	1400440b0	AudSndThreadEnded
140007980	FUN_140007980	140007b57	140042288	000619ea
140007980	FUN_140007980	140007b64	1400440c8	LocRecThreadEnded
140007980	FUN_140007980	140007b75	140042288	000619ea
140007980	FUN_140007980	140007b82	1400440e0	RemRecThreadEnded
140007980	FUN_140007980	140007b93	140042288	000619ea
140007980	FUN_140007980	140007ba0	1400440f8	LOLA_REC
140007980	FUN_140007980	140007bae	1400434c0	80000000000005e3
140007980	FUN_140007980	140007bb4	1400440f8	LOLA_REC
140007980	FUN_140007980	140007bc2	1400434c0	80000000000005e3
140007980	FUN_140007980	140007c26	140043538	8000000000000136
140007980	FUN_140007980	140007c2d	140044104	0x41
140007980	FUN_140007980	140007c3c	1400434b0	8000000000000b53
140007980	FUN_140007980	140007c4e	140043530	8000000000000408
140007980	FUN_140007980	140007c6e	140043530	8000000000000408
140007980	FUN_140007980	140007cb4	140043538	8000000000000136
140007980	FUN_140007980	140007ccc	1400434c8	80000000000005e0
140007980	FUN_140007980	140007cdb	140043530	8000000000000408
140007980	FUN_140007980	140007cfd	1400434c8	80000000000005e0
140007980	FUN_140007980	140007d31	1400434c8	80000000000005e0
140007980	FUN_140007980	140007d8e	1400439ac	0x0
14000e1a0	FUN_14000e1a0	14000e1d8	140043530	8000000000000408
14000e1a0	FUN_14000e1a0	14000e1e3	140043588	800000000000013c
14000e1a0	FUN_14000e1a0	14000e200	140043530	8000000000000408
14000e1a0	FUN_14000e1a0	14000e20c	140043588	800000000000013c
14000e1a0	FUN_14000e1a0	14000e2df	140043588	800000000000013c
14000e1a0	FUN_14000e1a0	14000e2ed	140043588	800000000000013c
14000e1a0	FUN_14000e1a0	14000e322	140042378	000617cc
14000e1a0	FUN_14000e1a0	14000e5bb	140044838	VideoWriteEvent
14000e1a0	FUN_14000e1a0	14000e5c9	140042288	000619ea
14000e1a0	FUN_14000e1a0	14000e5d6	140044848	RecFrameReadyEvent
14000e1a0	FUN_14000e1a0	14000e5e4	140042288	000619ea
14000e1a0	FUN_14000e1a0	14000e5f1	140044860	CameraPreviewEndedEvent
14000e1a0	FUN_14000e1a0	14000e5ff	140042288	000619ea
14000e1a0	FUN_14000e1a0	14000e628	140044878	FrameDoneThreadEnded
14000e1a0	FUN_14000e1a0	14000e639	140042288	000619ea
14000e1a0	FUN_14000e1a0	14000e646	140044890	NetSendThreadEnded
14000e1a0	FUN_14000e1a0	14000e657	140042288	000619ea
14000e1a0	FUN_14000e1a0	14000e664	1400448a8	LocRecVideoThreadEnded
14000e1a0	FUN_14000e1a0	14000e675	140042288	000619ea
14000e1a0	FUN_14000e1a0	14000e69e	1400439ac	0x0
1400115c0	FUN_1400115c0	1400115eb	1400630d8	0x2b992ddfa232
1400115c0	FUN_1400115c0	1400116cf	140042290	000619dc
1400115c0	FUN_1400115c0	1400116e0	140044ca0	Video Recording: 
1400115c0	FUN_1400115c0	1400116eb	140043538	8000000000000136
1400115c0	FUN_1400115c0	14001171c	1400422f0	00061918
1400115c0	FUN_1400115c0	140011737	140042290	000619dc
1400115c0	FUN_1400115c0	140011767	140042298	000619d0
1400115c0	FUN_1400115c0	1400118c9	140042790	800000000000000b
1400115c0	FUN_1400115c0	1400119e1	140042790	800000000000000b
1400115c0	FUN_1400115c0	140011b80	140042370	000617e8
1400115c0	FUN_1400115c0	140011bb5	140042368	00061800
1400115c0	FUN_1400115c0	140011bc2	140042298	000619d0
1400115c0	FUN_1400115c0	140011bcd	140043530	8000000000000408
140011c10	FUN_140011c10	140011c3e	1400630d8	0x2b992ddfa232
140011c10	FUN_140011c10	140011d31	140042290	000619dc
140011c10	FUN_140011c10	140011d71	140044cd8	Jpeg encoding: 
140011c10	FUN_140011c10	140011d7c	140043538	8000000000000136
140011c10	FUN_140011c10	140011d85	140042840	0006297e
140011c10	FUN_140011c10	140011e2c	1400422f0	00061918
140011c10	FUN_140011c10	140011e47	140042290	000619dc
140011c10	FUN_140011c10	140011f20	1400434b8	800000000000163b
140011c10	FUN_140011c10	140011f2d	140043580	8000000000000131
140011c10	FUN_140011c10	140011f54	140043590	8000000000000b65
140011c10	FUN_140011c10	140011f6b	1400434c8	80000000000005e0
140011c10	FUN_140011c10	140011f7c	140043530	8000000000000408
140011c10	FUN_140011c10	140011f87	140043530	8000000000000408
140011c10	FUN_140011c10	140012006	140042298	000619d0
140011c10	FUN_140011c10	140012129	140042790	800000000000000b
140011c10	FUN_140011c10	140012241	140042790	800000000000000b
140011c10	FUN_140011c10	140012393	140042838	00062968
140011c10	FUN_140011c10	1400123ff	140042370	000617e8
140011c10	FUN_140011c10	140012435	140042368	00061800
140011c10	FUN_140011c10	140012442	140042298	000619d0
140011c10	FUN_140011c10	14001244d	140043530	8000000000000408
140009bf0	FUN_140009bf0	140009d4e	140042290	000619dc
140009bf0	FUN_140009bf0	140009d58	140042290	000619dc
140009bf0	FUN_140009bf0	140009d94	1400422f0	00061918
140009bf0	FUN_140009bf0	140009dab	140042290	000619dc
140009bf0	FUN_140009bf0	140009e54	140042370	000617e8
140009bf0	FUN_140009bf0	140009e92	140042790	800000000000000b
140009bf0	FUN_140009bf0	140009eeb	140042368	00061800
140009bf0	FUN_140009bf0	140009f92	140042370	000617e8
140009bf0	FUN_140009bf0	140009fc5	140042368	00061800
140009bf0	FUN_140009bf0	140009fdf	140042298	000619d0
140039b36	memset	140039b36	1400426a8	00062836
140039b1e	memcpy	140039b1e	140042688	00062802
140008b10	FUN_140008b10	140008b3e	1400630d8	0x2b992ddfa232
140008b10	FUN_140008b10	140008b5c	140044188	0x40c011e597f62b6b
140008b10	FUN_140008b10	140008b68	140044180	0x40191eb860000000
140008b10	FUN_140008b10	140008b74	1400441a0	-0x3fe6e147a0000000
140008b10	FUN_140008b10	140008b93	140044178	0x3c800000
140008b10	FUN_140008b10	140008b9f	140044190	-0x3d
140020ba0	FUN_140020ba0	140020c17	140042768	8000000000000009
140020ba0	FUN_140020ba0	140020c2a	140042768	8000000000000009
140020ba0	FUN_140020ba0	140020c80	140042768	8000000000000009
140020ba0	FUN_140020ba0	140020c96	140042768	8000000000000009
140020ba0	FUN_140020ba0	140020ca8	140042768	8000000000000009
140020ba0	FUN_140020ba0	140020cd6	140042768	8000000000000009
140020ba0	FUN_140020ba0	140020ce7	140042768	8000000000000009
140020ba0	FUN_140020ba0	140020d3a	140042768	8000000000000009
140036141	pcap_sendpacket	140036141	140043740	000609b8
14003613b	pcap_close	14003613b	140043738	000609aa
14000ad00	FUN_14000ad00	14000aea1	140042298	000619d0
140036153	pcap_sendqueue_alloc	140036153	140043750	000609ea
14003615f	pcap_sendqueue_queue	14003615f	140043720	00060a1c
140036165	pcap_sendqueue_transmit	140036165	140043718	00060a34
140036159	pcap_sendqueue_destroy	140036159	140043728	00060a02
1400364d0	__security_check_cookie	1400364d0	1400630d8	0x2b992ddfa232
140036051	jpeg_std_error	140036051	140042ab0	8000000000000059
140036081	jpeg_CreateCompress	140036081	140042ad8	800000000000001e
140020e20	FUN_140020e20	140020e24	140042348	00061846
140036093	jpeg_set_defaults	140036093	140042af0	8000000000000051
140036099	jpeg_set_quality	140036099	140042af8	8000000000000054
14003608d	jpeg_mem_dest	14003608d	140042ae8	8000000000000066
14003609f	jpeg_start_compress	14003609f	140042b00	8000000000000056
1400360a5	jpeg_write_scanlines	1400360a5	140042b08	8000000000000062
1400360ab	jpeg_finish_compress	1400360ab	140042b10	8000000000000031
140020e30	FUN_140020e30	140020e64	140042348	00061846
140020e30	FUN_140020e30	140020e6f	140042340	00061860
140020e30	FUN_140020e30	140020e93	1400439f0	0x408f400000000000
140020e30	FUN_140020e30	140020e9e	140043588	800000000000013c
140020e30	FUN_140020e30	140020eb4	1400479c0	%.3f ms
140020e30	FUN_140020e30	140020ebe	140043470	8000000000001228
140036087	jpeg_destroy_compress	140036087	140042ae0	800000000000002b
14003616b	pcap_next_ex	14003616b	140043710	00060a4e
140036057	jpeg_CreateDecompress	140036057	140042b18	800000000000001f
140036063	jpeg_mem_src	140036063	140042aa0	8000000000000067
140036069	jpeg_read_header	140036069	140042ab8	800000000000004b
14003606f	jpeg_start_decompress	14003606f	140042ac0	8000000000000057
140036075	jpeg_read_scanlines	140036075	140042ac8	800000000000004d
14003607b	jpeg_finish_decompress	14003607b	140042ad0	8000000000000032
14003605d	jpeg_destroy_decompress	14003605d	140042aa8	800000000000002c
140016f20	FUN_140016f20	140016f4c	1400630d8	0x2b992ddfa232
140016f20	FUN_140016f20	140016f82	1400434c8	80000000000005e0
140016f20	FUN_140016f20	140016f93	1400434c8	80000000000005e0
140016f20	FUN_140016f20	1400171c6	140044f78	ip and udp
140016f20	FUN_140016f20	1400171d2	140043538	8000000000000136
140016f20	FUN_140016f20	140017208	140044f90	ip and src host %s and dst host %s and (udp port %d or udp port %d)
140016f20	FUN_140016f20	140017214	140043470	8000000000001228
140016f20	FUN_140016f20	1400173cf	140042a38	00062a52
140016f20	FUN_140016f20	1400173e6	140042a58	00062a5c
140016f20	FUN_140016f20	1400173fb	140044fd8	%H:%M:%S
140016f20	FUN_140016f20	14001740e	140042a40	00062a46
140016f20	FUN_140016f20	140017434	140043538	8000000000000136
140016f20	FUN_140016f20	140017447	140044fe4	0x25
140016f20	FUN_140016f20	14001744e	140043470	8000000000001228
140016f20	FUN_140016f20	14001745a	140043530	8000000000000408
140016f20	FUN_140016f20	14001748c	140043530	8000000000000408
140016f20	FUN_140016f20	140017496	140043530	8000000000000408
14002b9b0	FUN_14002b9b0	14002b9de	1400439ac	0x0
14002b9b0	FUN_14002b9b0	14002b9e9	140043538	8000000000000136
14002b9b0	FUN_14002b9b0	14002ba20	140042628	00061e4e
14002b9b0	FUN_14002b9b0	14002ba29	1400439ac	0x0
14002b9b0	FUN_14002b9b0	14002ba34	140043538	8000000000000136
14002b9b0	FUN_14002b9b0	14002ba63	14004c120	Disconnect
14002b9b0	FUN_14002b9b0	14002ba6e	1400434b0	8000000000000b53
14002b9b0	FUN_14002b9b0	14002ba91	140043570	800000000000012c
14002b9b0	FUN_14002b9b0	14002bab5	1400434b0	8000000000000b53
14002b9b0	FUN_14002b9b0	14002bad2	1400434b0	8000000000000b53
14002b9b0	FUN_14002b9b0	14002bae0	14004bfe8	127.0.0.1
14002b9b0	FUN_14002b9b0	14002baeb	1400434b0	8000000000000b53
14002b9b0	FUN_14002b9b0	14002baf9	14004bfd8	localhost
14002b9b0	FUN_14002b9b0	14002bb04	1400434b0	8000000000000b53
14002b9b0	FUN_14002b9b0	14002bb12	14004ba90	0.0.0.0
14002b9b0	FUN_14002b9b0	14002bb1d	1400434b0	8000000000000b53
14002b9b0	FUN_14002b9b0	14002bb27	14004c1a8	Local IP address '0.0.0.0' is not valid.
14002b9b0	FUN_14002b9b0	14002bb33	1400439ac	0x0
14002b9b0	FUN_14002b9b0	14002bb3e	140043538	8000000000000136
14002b9b0	FUN_14002b9b0	14002bb49	14004c130	Connection already established on Session %d.
14002b9b0	FUN_14002b9b0	14002bb54	140043470	8000000000001228
14002b9b0	FUN_14002b9b0	14002bb6f	140043530	8000000000000408
14002b9b0	FUN_14002b9b0	14002bb9e	1400439ac	0x0
14002b9b0	FUN_14002b9b0	14002bba5	1400434c0	80000000000005e3
14002b9b0	FUN_14002b9b0	14002bbab	14004c1d8	Connecting ...
14002b9b0	FUN_14002b9b0	14002bbce	1400439ac	0x0
14002b9b0	FUN_14002b9b0	14002bbd9	140043538	8000000000000136
14002b9b0	FUN_14002b9b0	14002bbea	140043570	800000000000012c
14002b9b0	FUN_14002b9b0	14002bbfb	140043570	800000000000012c
14002b9b0	FUN_14002b9b0	14002bc48	140042358	00061830
14002b9b0	FUN_14002b9b0	14002bd2c	1400434c8	80000000000005e0
14002b9b0	FUN_14002b9b0	14002bdcb	140043570	800000000000012c
14002b9b0	FUN_14002b9b0	14002be4a	140043570	800000000000012c
14002b9b0	FUN_14002b9b0	14002be9f	140043570	800000000000012c
14002b9b0	FUN_14002b9b0	14002bed8	140043570	800000000000012c
14002b9b0	FUN_14002b9b0	14002bf1a	14004c120	Disconnect
14002b9b0	FUN_14002b9b0	14002bf77	1400434b8	800000000000163b
14002b9b0	FUN_14002b9b0	14002bf84	140043580	8000000000000131
14002b9b0	FUN_14002b9b0	14002bf9c	14004c2b0	Connected to 
14002b9b0	FUN_14002b9b0	14002bfb3	14004c2b0	Connected to 
14002b9b0	FUN_14002b9b0	14002bfb3	14004c2b1	Connected to 
14002b9b0	FUN_14002b9b0	14002bfc4	140043590	8000000000000b65
14002b9b0	FUN_14002b9b0	14002bff5	1400439ac	0x0
14002b9b0	FUN_14002b9b0	14002c005	140043538	8000000000000136
14002b9b0	FUN_14002b9b0	14002c014	14004c1f0	Session %d connection info:\nNo reply from remote host (%s) within 3 sec! Try again.
14002b9b0	FUN_14002b9b0	14002c01f	140043470	8000000000001228
14002b9b0	FUN_14002b9b0	14002c038	140043538	8000000000000136
14002b9b0	FUN_14002b9b0	14002c05a	14004c250	Session %d connection info.\n\nRemote host (%s) replied with the following message:    \n\n%s
14002b9b0	FUN_14002b9b0	14002c065	140043470	8000000000001228
14002b9b0	FUN_14002b9b0	14002c080	140043530	8000000000000408
14002b9b0	FUN_14002b9b0	14002c086	14004b8e8	Ready
14002b9b0	FUN_14002b9b0	14002c0a3	14004c160	Connection to localhost not allowed. Type a valid remote host address.
14002b9b0	FUN_14002b9b0	14002c0bb	140043530	8000000000000408
14002b9b0	FUN_14002b9b0	14002c0d3	140043530	8000000000000408
14002b9b0	FUN_14002b9b0	14002c0de	140043530	8000000000000408
14002f3d0	FUN_14002f3d0	14002f427	140043570	800000000000012c
14002f3d0	FUN_14002f3d0	14002f436	14004771c	SRCIP:
14002f3d0	FUN_14002f3d0	14002f441	140043538	8000000000000136
14002f3d0	FUN_14002f3d0	14002f452	140043570	800000000000012c
14002f3d0	FUN_14002f3d0	14002f478	140047724	DSTIP:
14002f3d0	FUN_14002f3d0	14002f483	140043538	8000000000000136
14002f3d0	FUN_14002f3d0	14002f494	140043570	800000000000012c
14002f3d0	FUN_14002f3d0	14002f4ba	14004c440	0x53
14002f3d0	FUN_14002f3d0	14002f4c5	140043538	8000000000000136
14002f3d0	FUN_14002f3d0	14002f4d6	140043570	800000000000012c
14002f3d0	FUN_14002f3d0	14002f4f6	1400427f0	00062970
14002f3d0	FUN_14002f3d0	14002f503	140043530	8000000000000408
14002f3d0	FUN_14002f3d0	14002f540	1400434b0	8000000000000b53
14002f3d0	FUN_14002f3d0	14002f56b	14004c448	Lola is running but it is currently busy.\nPlease retry later.
14002f3d0	FUN_14002f3d0	14002f576	140043538	8000000000000136
14002f3d0	FUN_14002f3d0	14002f587	140043570	800000000000012c
14002f3d0	FUN_14002f3d0	14002f598	140043570	800000000000012c
14002f3d0	FUN_14002f3d0	14002f5c5	140043530	8000000000000408
14002f3d0	FUN_14002f3d0	14002f5d0	140043530	8000000000000408
14002f3d0	FUN_14002f3d0	14002f5db	140043530	8000000000000408
14002f3d0	FUN_14002f3d0	14002f617	1400434b0	8000000000000b53
14002f3d0	FUN_14002f3d0	14002f62c	1400434b0	8000000000000b53
14002f3d0	FUN_14002f3d0	14002f649	14004778c	CHNLS:
14002f3d0	FUN_14002f3d0	14002f654	140043538	8000000000000136
14002f3d0	FUN_14002f3d0	14002f665	140043570	800000000000012c
14002f3d0	FUN_14002f3d0	14002f688	1400427f0	00062970
14002f3d0	FUN_14002f3d0	14002f6a0	140043530	8000000000000408
14002f3d0	FUN_14002f3d0	14002f6ae	140047794	0x46
14002f3d0	FUN_14002f3d0	14002f6b9	140043538	8000000000000136
14002f3d0	FUN_14002f3d0	14002f6ca	140043570	800000000000012c
14002f3d0	FUN_14002f3d0	14002f6ea	1400427f0	00062970
14002f3d0	FUN_14002f3d0	14002f70c	140043530	8000000000000408
14002f3d0	FUN_14002f3d0	14002f71a	14004779c	0x42
14002f3d0	FUN_14002f3d0	14002f725	140043538	8000000000000136
14002f3d0	FUN_14002f3d0	14002f736	140043570	800000000000012c
14002f3d0	FUN_14002f3d0	14002f756	1400427f0	00062970
14002f3d0	FUN_14002f3d0	14002f76e	140043530	8000000000000408
14002f3d0	FUN_14002f3d0	14002f77c	1400477a4	0x58
14002f3d0	FUN_14002f3d0	14002f787	140043538	8000000000000136
14002f3d0	FUN_14002f3d0	14002f798	140043570	800000000000012c
14002f3d0	FUN_14002f3d0	14002f7b8	1400427f0	00062970
14002f3d0	FUN_14002f3d0	14002f7d0	140043530	8000000000000408
14002f3d0	FUN_14002f3d0	14002f7de	1400477a8	0x59
14002f3d0	FUN_14002f3d0	14002f7e9	140043538	8000000000000136
14002f3d0	FUN_14002f3d0	14002f7fa	140043570	800000000000012c
14002f3d0	FUN_14002f3d0	14002f81a	1400427f0	00062970
14002f3d0	FUN_14002f3d0	14002f832	140043530	8000000000000408
14002f3d0	FUN_14002f3d0	14002f840	1400477ac	0x53
14002f3d0	FUN_14002f3d0	14002f84b	140043538	8000000000000136
14002f3d0	FUN_14002f3d0	14002f85c	140043570	800000000000012c
14002f3d0	FUN_14002f3d0	14002f87c	1400427f0	00062970
14002f3d0	FUN_14002f3d0	14002f89e	140043530	8000000000000408
14002f3d0	FUN_14002f3d0	14002f8ac	1400477b0	0x42
14002f3d0	FUN_14002f3d0	14002f8b7	140043538	8000000000000136
14002f3d0	FUN_14002f3d0	14002f8c8	140043570	800000000000012c
14002f3d0	FUN_14002f3d0	14002f8e8	1400427f0	00062970
14002f3d0	FUN_14002f3d0	14002f900	140043530	8000000000000408
14002f3d0	FUN_14002f3d0	14002f90e	1400477b8	COMP:
14002f3d0	FUN_14002f3d0	14002f919	140043538	8000000000000136
14002f3d0	FUN_14002f3d0	14002f92a	140043570	800000000000012c
14002f3d0	FUN_14002f3d0	14002f94a	1400427f0	00062970
14002f3d0	FUN_14002f3d0	14002f962	140043530	8000000000000408
14002f3d0	FUN_14002f3d0	14002f970	1400477c0	BAYER:
14002f3d0	FUN_14002f3d0	14002f97b	140043538	8000000000000136
14002f3d0	FUN_14002f3d0	14002f98c	140043570	800000000000012c
14002f3d0	FUN_14002f3d0	14002f9ac	1400427f0	00062970
14002f3d0	FUN_14002f3d0	14002f9c9	140043530	8000000000000408
14002f3d0	FUN_14002f3d0	14002f9cf	1400439ac	0x0
14002f3d0	FUN_14002f3d0	14002f9da	140043538	8000000000000136
14002f3d0	FUN_14002f3d0	14002fa14	140043570	800000000000012c
14002f3d0	FUN_14002f3d0	14002fa25	140043570	800000000000012c
14002f3d0	FUN_14002f3d0	14002fa36	140043570	800000000000012c
14002f3d0	FUN_14002f3d0	14002fa63	1400439ac	0x0
14002f3d0	FUN_14002f3d0	14002fa6a	140043538	8000000000000136
14002f3d0	FUN_14002f3d0	14002fa7b	140043570	800000000000012c
14002f3d0	FUN_14002f3d0	14002fa8c	140043570	800000000000012c
14002f3d0	FUN_14002f3d0	14002fad3	1400434c8	80000000000005e0
14002f3d0	FUN_14002f3d0	14002fb1e	140043570	800000000000012c
14002f3d0	FUN_14002f3d0	14002fb9d	140043570	800000000000012c
14002f3d0	FUN_14002f3d0	14002fbf3	140043570	800000000000012c
14002f3d0	FUN_14002f3d0	14002fc38	140043570	800000000000012c
14002f3d0	FUN_14002f3d0	14002fc92	14004c120	Disconnect
14002f3d0	FUN_14002f3d0	14002fce4	1400434b8	800000000000163b
14002f3d0	FUN_14002f3d0	14002fcf1	140043580	8000000000000131
14002f3d0	FUN_14002f3d0	14002fd09	14004c2b0	Connected to 
14002f3d0	FUN_14002f3d0	14002fd1a	14004c2b0	Connected to 
14002f3d0	FUN_14002f3d0	14002fd1a	14004c2b1	Connected to 
14002f3d0	FUN_14002f3d0	14002fd2b	140043590	8000000000000b65
14002f3d0	FUN_14002f3d0	14002fd48	140043530	8000000000000408
14002f3d0	FUN_14002f3d0	14002fd63	140043530	8000000000000408
140036147	pcap_findalldevs	140036147	140043730	000609ca
140039b2a	strstr	140039b2a	140042698	00062816
140020660	FUN_140020660	1400206f1	140042790	800000000000000b
140020660	FUN_140020660	140020701	140042790	800000000000000b
140020660	FUN_140020660	14002073d	1400423e0	0006141c
140020660	FUN_140020660	140020744	140047920	SendARP Failed. No default gateway\n
14003614d	pcap_open	14003614d	140043748	000609de
14003617d	pcap_freealldevs	14003617d	1400436f8	00060a80
140036183	pcap_setmintocopy	140036183	1400436f0	00060a94
140036177	pcap_compile	140036177	140043700	00060a70
140036171	pcap_setfilter	140036171	140043708	00060a5e
140037dfe	AfxBeginThread	140037dfe	140043468	800000000000085e
140020a80	FUN_140020a80	140020aeb	140042768	8000000000000009
14000db70	FUN_14000db70	14000db9f	1400630d8	0x2b992ddfa232
14000db70	FUN_14000db70	14000dbbb	140044410	Jpeg decoding (CPU): 
14000db70	FUN_14000db70	14000dbc7	140043538	8000000000000136
14000db70	FUN_14000db70	14000dbd5	140042290	000619dc
14000db70	FUN_14000db70	14000dbf0	140044490	0x3f800000
14000db70	FUN_14000db70	14000dc10	1400422f0	00061918
14000db70	FUN_14000db70	14000dc26	140042290	000619dc
14000db70	FUN_14000db70	14000dc73	140042370	000617e8
14000db70	FUN_14000db70	14000dd5d	140042368	00061800
14000db70	FUN_14000db70	14000dd8d	1400434b8	800000000000163b
14000db70	FUN_14000db70	14000dd9b	140043580	8000000000000131
14000db70	FUN_14000db70	14000ddc8	140043590	8000000000000b65
14000db70	FUN_14000db70	14000dddf	1400434c8	80000000000005e0
14000db70	FUN_14000db70	14000ddf1	140043530	8000000000000408
14000db70	FUN_14000db70	14000ddfd	140043530	8000000000000408
14000db70	FUN_14000db70	14000dee3	140042298	000619d0
14000db70	FUN_14000db70	14000deef	140043530	8000000000000408
1400190f0	FUN_1400190f0	140019110	1400630d8	0x2b992ddfa232
1400190f0	FUN_1400190f0	140019464	1400434b8	800000000000163b
1400190f0	FUN_1400190f0	140019472	140043580	8000000000000131
1400190f0	FUN_1400190f0	14001948a	140046668	DSFormatBlit-Bayer: 
1400190f0	FUN_1400190f0	1400194a3	140046668	DSFormatBlit-Bayer: 
1400190f0	FUN_1400190f0	1400194a3	140046669	DSFormatBlit-Bayer: 
1400190f0	FUN_1400190f0	1400194b5	140043590	8000000000000b65
1400190f0	FUN_1400190f0	1400194c5	1400434c8	80000000000005e0
1400190f0	FUN_1400190f0	1400194d1	140043530	8000000000000408
1400190f0	FUN_1400190f0	1400194dd	140043530	8000000000000408
1400107c0	FUN_1400107c0	1400107f1	1400630d8	0x2b992ddfa232
1400107c0	FUN_1400107c0	140010812	140043588	800000000000013c
1400107c0	FUN_1400107c0	140010870	140044ca0	Video Recording: 
1400107c0	FUN_1400107c0	14001087c	140043538	8000000000000136
1400107c0	FUN_1400107c0	14001088a	140042290	000619dc
1400107c0	FUN_1400107c0	1400108ac	1400422f0	00061918
1400107c0	FUN_1400107c0	1400108c6	140042290	000619dc
1400107c0	FUN_1400107c0	1400109a3	140044cb8	_Local_%07d.bmp
1400107c0	FUN_1400107c0	1400109af	140043470	8000000000001228
1400107c0	FUN_1400107c0	1400109bd	1400434b8	800000000000163b
1400107c0	FUN_1400107c0	1400109cb	140043580	8000000000000131
1400107c0	FUN_1400107c0	1400109fa	140043590	8000000000000b65
1400107c0	FUN_1400107c0	140010a44	140043530	8000000000000408
1400107c0	FUN_1400107c0	140010bb0	140044cc8	_Local_%07d.jpg
1400107c0	FUN_1400107c0	140010bbc	140043470	8000000000001228
1400107c0	FUN_1400107c0	140010bca	1400434b8	800000000000163b
1400107c0	FUN_1400107c0	140010bd7	140043580	8000000000000131
1400107c0	FUN_1400107c0	140010c05	140043590	8000000000000b65
1400107c0	FUN_1400107c0	140010c4e	140043530	8000000000000408
1400107c0	FUN_1400107c0	140010c6b	140044c98	0x0
1400107c0	FUN_1400107c0	140010c72	140044c98	0x0
1400107c0	FUN_1400107c0	140010c80	140042480	00060fa0
1400107c0	FUN_1400107c0	140010ca4	140042478	00060fd6
1400107c0	FUN_1400107c0	140010cb2	140044c9c	0xa8
1400107c0	FUN_1400107c0	140010ccc	140044c9c	0xa8
1400107c0	FUN_1400107c0	140010cef	1400424d0	00060d02
1400107c0	FUN_1400107c0	140010d19	1400424b0	00060e0a
1400107c0	FUN_1400107c0	140010d26	140063e98	0x0
1400107c0	FUN_1400107c0	140010d6d	1400424b0	00060e0a
1400107c0	FUN_1400107c0	140010d8e	1400429b0	00062990
1400107c0	FUN_1400107c0	140010db6	1400424a8	00060e4a
1400107c0	FUN_1400107c0	140010dc3	140063e98	0x0
1400107c0	FUN_1400107c0	140010de6	1400424c0	00060d7a
1400107c0	FUN_1400107c0	140010dfb	1400424f8	00060b94
1400107c0	FUN_1400107c0	140010e1c	1400424b0	00060e0a
1400107c0	FUN_1400107c0	140010e51	140044c9c	0xa8
1400107c0	FUN_1400107c0	140010e66	140042488	00060f60
1400107c0	FUN_1400107c0	140010e74	140044c9c	0xa8
1400107c0	FUN_1400107c0	140010e8e	140044c9c	0xa8
1400107c0	FUN_1400107c0	140010ebe	140042468	0006107c
1400107c0	FUN_1400107c0	140010edc	140044c9c	0xa8
1400107c0	FUN_1400107c0	140010ef1	140042488	00060f60
1400107c0	FUN_1400107c0	140010eff	140044c9c	0xa8
1400107c0	FUN_1400107c0	140010f12	140044c9c	0xa8
1400107c0	FUN_1400107c0	140010f36	140042470	00061042
1400107c0	FUN_1400107c0	140010f43	140042490	00060f2a
1400107c0	FUN_1400107c0	140010f8e	140042948	00062942
1400107c0	FUN_1400107c0	140010f98	140042840	0006297e
1400107c0	FUN_1400107c0	1400110dd	140044cc8	_Local_%07d.jpg
1400107c0	FUN_1400107c0	1400110e9	140043470	8000000000001228
1400107c0	FUN_1400107c0	1400110f7	1400434b8	800000000000163b
1400107c0	FUN_1400107c0	140011104	140043580	8000000000000131
1400107c0	FUN_1400107c0	140011132	140043590	8000000000000b65
1400107c0	FUN_1400107c0	14001117e	140043530	8000000000000408
1400107c0	FUN_1400107c0	14001119b	140044c98	0x0
1400107c0	FUN_1400107c0	1400111a2	140044c98	0x0
1400107c0	FUN_1400107c0	1400111ad	140042480	00060fa0
1400107c0	FUN_1400107c0	1400111cb	140042478	00060fd6
1400107c0	FUN_1400107c0	1400111d6	140044c9c	0xa8
1400107c0	FUN_1400107c0	1400111ea	140044c9c	0xa8
1400107c0	FUN_1400107c0	140011204	1400424d0	00060d02
1400107c0	FUN_1400107c0	140011225	1400424b0	00060e0a
1400107c0	FUN_1400107c0	140011232	140063e98	0x0
1400107c0	FUN_1400107c0	14001126d	1400424b0	00060e0a
1400107c0	FUN_1400107c0	14001128e	1400429b0	00062990
1400107c0	FUN_1400107c0	1400112b3	1400424a8	00060e4a
1400107c0	FUN_1400107c0	1400112c0	140063e98	0x0
1400107c0	FUN_1400107c0	1400112da	1400424c0	00060d7a
1400107c0	FUN_1400107c0	1400112ef	1400424f8	00060b94
1400107c0	FUN_1400107c0	140011307	1400424b0	00060e0a
1400107c0	FUN_1400107c0	140011339	140044c9c	0xa8
1400107c0	FUN_1400107c0	14001134b	140042488	00060f60
1400107c0	FUN_1400107c0	140011356	140044c9c	0xa8
1400107c0	FUN_1400107c0	14001136a	140044c9c	0xa8
1400107c0	FUN_1400107c0	140011390	140042468	0006107c
1400107c0	FUN_1400107c0	1400113a8	140044c9c	0xa8
1400107c0	FUN_1400107c0	1400113ba	140042488	00060f60
1400107c0	FUN_1400107c0	1400113ca	140042838	00062968
1400107c0	FUN_1400107c0	1400113d5	140044c9c	0xa8
1400107c0	FUN_1400107c0	1400113e2	140044c9c	0xa8
1400107c0	FUN_1400107c0	1400113fd	140042470	00061042
1400107c0	FUN_1400107c0	14001140a	140042490	00060f2a
1400107c0	FUN_1400107c0	140011481	1400434b8	800000000000163b
1400107c0	FUN_1400107c0	14001148e	140043580	8000000000000131
1400107c0	FUN_1400107c0	1400114b8	140043590	8000000000000b65
1400107c0	FUN_1400107c0	1400114cf	1400434c8	80000000000005e0
1400107c0	FUN_1400107c0	1400114e0	140043530	8000000000000408
1400107c0	FUN_1400107c0	1400114eb	140043530	8000000000000408
1400107c0	FUN_1400107c0	14001150f	140042948	00062942
1400107c0	FUN_1400107c0	140011516	140042948	00062942
1400107c0	FUN_1400107c0	14001151d	140042948	00062942
1400107c0	FUN_1400107c0	14001152b	140042298	000619d0
1400107c0	FUN_1400107c0	140011537	140043530	8000000000000408
1400107c0	FUN_1400107c0	140011543	140043530	8000000000000408
140012ec0	FUN_140012ec0	140012f00	1400630d8	0x2b992ddfa232
140012ec0	FUN_140012ec0	140012f5f	140042838	00062968
140012ec0	FUN_140012ec0	140013029	140044499	-0x1
140012ec0	FUN_140012ec0	140013030	140044498	-0x1
140012ec0	FUN_140012ec0	140013030	14004449b	-0x1
140012ec0	FUN_140012ec0	14001303c	140044499	-0x1
140012ec0	FUN_140012ec0	14001303c	14004449c	-0x1
140012ec0	FUN_140012ec0	140013047	14004449a	-0x1
140012ec0	FUN_140012ec0	140013047	14004449d	0x0
140012ec0	FUN_140012ec0	1400130b4	14004449c	-0x1
140012ec0	FUN_140012ec0	1400130d5	140044498	-0x1
140012ec0	FUN_140012ec0	140013124	140044498	-0x1
140012ec0	FUN_140012ec0	140013139	140044499	-0x1
140012ec0	FUN_140012ec0	140013141	140044499	-0x1
140012ec0	FUN_140012ec0	140013157	14004449a	-0x1
140012ec0	FUN_140012ec0	14001319e	140042290	000619dc
140012ec0	FUN_140012ec0	1400131ab	140042290	000619dc
140012ec0	FUN_140012ec0	1400131c4	140044b98	0x63
140012ec0	FUN_140012ec0	1400131d2	140043798	00062756
140012ec0	FUN_140012ec0	14001322a	140044d90	0x4097700000000000
140012ec0	FUN_140012ec0	140013232	140044d88	0x4076800000000000
140012ec0	FUN_140012ec0	1400132b2	140043760	00062726
140012ec0	FUN_140012ec0	14001343d	1400434b8	800000000000163b
140012ec0	FUN_140012ec0	14001344a	140043580	8000000000000131
140012ec0	FUN_140012ec0	140013473	140044ba0	FrameBufferFill: 
140012ec0	FUN_140012ec0	14001347e	140043590	8000000000000b65
140012ec0	FUN_140012ec0	140013495	1400434c8	80000000000005e0
140012ec0	FUN_140012ec0	1400134a4	140043530	8000000000000408
140012ec0	FUN_140012ec0	1400134af	140043530	8000000000000408
140012ec0	FUN_140012ec0	1400134c8	140042a38	00062a52
140012ec0	FUN_140012ec0	1400134d8	140042a48	00062a36
140012ec0	FUN_140012ec0	140013503	140044bb8	LoLa AV Test - %#x - %X
140012ec0	FUN_140012ec0	140013516	140042a40	00062a46
140012ec0	FUN_140012ec0	1400135dd	140044de0	0x0
140012ec0	FUN_140012ec0	1400135e8	140044db0	0x0
140012ec0	FUN_140012ec0	14001372d	140044de0	0x0
140012ec0	FUN_140012ec0	140013738	140044db0	0x0
140012ec0	FUN_140012ec0	1400137a7	140044dd0	0x0
140012ec0	FUN_140012ec0	1400137b2	140044da0	0x0
140012ec0	FUN_140012ec0	140013864	140042370	000617e8
140012ec0	FUN_140012ec0	14001388e	140042298	000619d0
140012ec0	FUN_140012ec0	140013898	140042368	00061800
140012ec0	FUN_140012ec0	14001392b	140042298	000619d0
140012ec0	FUN_140012ec0	14001393f	140042948	00062942
140012ec0	FUN_140012ec0	140013946	140042948	00062942
140012ec0	FUN_140012ec0	140013953	140044b18	CBFVideoServer Class
140012ec0	FUN_140012ec0	14001395a	140044bd0	Couldn't update display surface window.
140012ec0	FUN_140012ec0	140013963	140042640	00061e1c
140012ec0	FUN_140012ec0	140013970	140042298	000619d0
14001ac90	FUN_14001ac90	14001acc6	1400630d8	0x2b992ddfa232
14001ac90	FUN_14001ac90	14001ad08	1400425c8	00061ef8
14001ac90	FUN_14001ac90	14001ad12	140042610	00061e7e
14001ac90	FUN_14001ac90	14001ad20	1400425e0	00061ed2
14001ac90	FUN_14001ac90	14001ad43	1400425e8	00061ec6
14001ac90	FUN_14001ac90	14001ad51	140042668	00061eda
14001ac90	FUN_14001ac90	14001ad7f	140042060	0006204e
14001ac90	FUN_14001ac90	14001ad9d	1400466a0	Cannot create CompatibleDC
14001ac90	FUN_14001ac90	14001ae08	1400420b0	0006210a
14001ac90	FUN_14001ac90	14001ae25	1400420b0	0006210a
14001ac90	FUN_14001ac90	14001ae4a	1400420d0	000620c2
14001ac90	FUN_14001ac90	14001ae76	1400420d0	000620c2
14001ac90	FUN_14001ac90	14001af36	140042080	00062044
14001ac90	FUN_14001ac90	14001afb3	1400420c0	000620e8
14001ac90	FUN_14001ac90	14001b003	1400420a0	0006212c
14001ac90	FUN_14001ac90	14001b057	140042338	0006187c
14001ac90	FUN_14001ac90	14001b076	140046a50	0x0
14001ac90	FUN_14001ac90	14001b0ae	140046a54	0x0
14001ac90	FUN_14001ac90	14001b0bd	140042338	0006187c
14001ac90	FUN_14001ac90	14001b0d1	1400466bc	0x47
14001ac90	FUN_14001ac90	14001b0d8	1400466c0	DirectX
14001ac90	FUN_14001ac90	14001b0e6	1400466bc	0x47
14001ac90	FUN_14001ac90	14001b0ee	140043538	8000000000000136
14001ac90	FUN_14001ac90	14001b103	1400466c8	0x4f
14001ac90	FUN_14001ac90	14001b10a	1400466cc	0x4f
14001ac90	FUN_14001ac90	14001b118	1400466c8	0x4f
14001ac90	FUN_14001ac90	14001b12c	1400466d0	Rendering mode: %s\nSIMD Acceleration: %s\nFps: %.2f\nZoom: %.2f %%
14001ac90	FUN_14001ac90	14001b13a	140043470	8000000000001228
14001ac90	FUN_14001ac90	14001b157	1400434b8	800000000000163b
14001ac90	FUN_14001ac90	14001b165	140043580	8000000000000131
14001ac90	FUN_14001ac90	14001b17d	140046718	Rendering: 
14001ac90	FUN_14001ac90	14001b193	140046718	Rendering: 
14001ac90	FUN_14001ac90	14001b193	140046719	Rendering: 
14001ac90	FUN_14001ac90	14001b1a5	140043590	8000000000000b65
14001ac90	FUN_14001ac90	14001b1b5	1400434c8	80000000000005e0
14001ac90	FUN_14001ac90	14001b1c1	140043530	8000000000000408
14001ac90	FUN_14001ac90	14001b1cd	140043530	8000000000000408
14001ac90	FUN_14001ac90	14001b1db	1400434b8	800000000000163b
14001ac90	FUN_14001ac90	14001b1e9	140043580	8000000000000131
14001ac90	FUN_14001ac90	14001b1fa	140046724	0xa
14001ac90	FUN_14001ac90	14001b207	140046724	0xa
14001ac90	FUN_14001ac90	14001b207	140046725	0x0
14001ac90	FUN_14001ac90	14001b219	140046724	0xa
14001ac90	FUN_14001ac90	14001b225	140043590	8000000000000b65
14001ac90	FUN_14001ac90	14001b22f	1400434b8	800000000000163b
14001ac90	FUN_14001ac90	14001b23c	140043580	8000000000000131
14001ac90	FUN_14001ac90	14001b267	140043590	8000000000000b65
14001ac90	FUN_14001ac90	14001b271	1400434b8	800000000000163b
14001ac90	FUN_14001ac90	14001b27e	140043580	8000000000000131
14001ac90	FUN_14001ac90	14001b295	140046724	0xa
14001ac90	FUN_14001ac90	14001b295	140046725	0x0
14001ac90	FUN_14001ac90	14001b2a3	140046724	0xa
14001ac90	FUN_14001ac90	14001b2ae	140043590	8000000000000b65
14001ac90	FUN_14001ac90	14001b2b8	1400434b8	800000000000163b
14001ac90	FUN_14001ac90	14001b2c5	140043580	8000000000000131
14001ac90	FUN_14001ac90	14001b2f0	140043590	8000000000000b65
14001ac90	FUN_14001ac90	14001b2fa	1400434b8	800000000000163b
14001ac90	FUN_14001ac90	14001b307	140043580	8000000000000131
14001ac90	FUN_14001ac90	14001b323	140046724	0xa
14001ac90	FUN_14001ac90	14001b323	140046725	0x0
14001ac90	FUN_14001ac90	14001b331	140046724	0xa
14001ac90	FUN_14001ac90	14001b33c	140043590	8000000000000b65
14001ac90	FUN_14001ac90	14001b346	1400434b8	800000000000163b
14001ac90	FUN_14001ac90	14001b353	140043580	8000000000000131
14001ac90	FUN_14001ac90	14001b37e	140043590	8000000000000b65
14001ac90	FUN_14001ac90	14001b388	1400434b8	800000000000163b
14001ac90	FUN_14001ac90	14001b395	140043580	8000000000000131
14001ac90	FUN_14001ac90	14001b3b3	140046724	0xa
14001ac90	FUN_14001ac90	14001b3b3	140046725	0x0
14001ac90	FUN_14001ac90	14001b3c1	140046724	0xa
14001ac90	FUN_14001ac90	14001b3cc	140043590	8000000000000b65
14001ac90	FUN_14001ac90	14001b3d6	1400434b8	800000000000163b
14001ac90	FUN_14001ac90	14001b3e3	140043580	8000000000000131
14001ac90	FUN_14001ac90	14001b40e	140043590	8000000000000b65
14001ac90	FUN_14001ac90	14001b418	1400434b8	800000000000163b
14001ac90	FUN_14001ac90	14001b425	140043580	8000000000000131
14001ac90	FUN_14001ac90	14001b439	140046724	0xa
14001ac90	FUN_14001ac90	14001b439	140046725	0x0
14001ac90	FUN_14001ac90	14001b447	140046724	0xa
14001ac90	FUN_14001ac90	14001b452	140043590	8000000000000b65
14001ac90	FUN_14001ac90	14001b45c	1400434b8	800000000000163b
14001ac90	FUN_14001ac90	14001b46a	140043580	8000000000000131
14001ac90	FUN_14001ac90	14001b496	140043590	8000000000000b65
14001ac90	FUN_14001ac90	14001b4a6	140042eb0	80000000000005dc
14001ac90	FUN_14001ac90	14001b4b2	140043530	8000000000000408
14001ac90	FUN_14001ac90	14001b4bd	140043530	8000000000000408
14001ac90	FUN_14001ac90	14001b4c8	140043530	8000000000000408
14001ac90	FUN_14001ac90	14001b4d3	140043530	8000000000000408
14001ac90	FUN_14001ac90	14001b4de	140043530	8000000000000408
14001ac90	FUN_14001ac90	14001b4e9	140043530	8000000000000408
14001ac90	FUN_14001ac90	14001b4f4	140043530	8000000000000408
14001ac90	FUN_14001ac90	14001b4ff	140043530	8000000000000408
14001ac90	FUN_14001ac90	14001b50a	140043530	8000000000000408
14001ac90	FUN_14001ac90	14001b516	140043530	8000000000000408
14001ac90	FUN_14001ac90	14001b521	140043530	8000000000000408
140025ea0	FUN_140025ea0	140025ede	140043530	8000000000000408
140025ea0	FUN_140025ea0	140025eea	140043588	800000000000013c
140025ea0	FUN_140025ea0	140025f7d	14004a030	lola.GetRemoteSettings();
140025ea0	FUN_140025ea0	140025f8b	1400434c0	80000000000005e3
140025ea0	FUN_140025ea0	140025f98	14004a050	lola.GetRemoteInfo();
140025ea0	FUN_140025ea0	140025f9f	1400434c0	80000000000005e3
140025ea0	FUN_140025ea0	140025fac	14004a068	lola.ResetRemoteInfo();
140025ea0	FUN_140025ea0	140025fb3	1400434c0	80000000000005e3
140025ea0	FUN_140025ea0	140025fc0	14004a080	lola.ForceDisconnect();
140025ea0	FUN_140025ea0	140025fc7	1400434c0	80000000000005e3
140025ea0	FUN_140025ea0	140025fd4	14004a098	lola.SetRemoteAudioBuffer(0);
140025ea0	FUN_140025ea0	140025fdb	1400434c0	80000000000005e3
14002d090	FUN_14002d090	14002d0d3	140043570	800000000000012c
14002d090	FUN_14002d090	14002d0e2	14004771c	SRCIP:
14002d090	FUN_14002d090	14002d0ed	140043538	8000000000000136
14002d090	FUN_14002d090	14002d0fe	140043570	800000000000012c
14002d090	FUN_14002d090	14002d124	140047724	DSTIP:
14002d090	FUN_14002d090	14002d12f	140043538	8000000000000136
14002d090	FUN_14002d090	14002d140	140043570	800000000000012c
14002d090	FUN_14002d090	14002d166	1400477f0	0x54
14002d090	FUN_14002d090	14002d171	140043538	8000000000000136
14002d090	FUN_14002d090	14002d182	140043570	800000000000012c
14002d090	FUN_14002d090	14002d1a8	140043570	800000000000012c
14002d090	FUN_14002d090	14002d1c3	1400434b8	800000000000163b
14002d090	FUN_14002d090	14002d1d0	140043580	8000000000000131
14002d090	FUN_14002d090	14002d1e8	14004ae78	0x20
14002d090	FUN_14002d090	14002d203	14004ae78	0x20
14002d090	FUN_14002d090	14002d203	14004ae79	0x28
14002d090	FUN_14002d090	14002d214	140043590	8000000000000b65
14002d090	FUN_14002d090	14002d21e	1400434b8	800000000000163b
14002d090	FUN_14002d090	14002d22b	140043580	8000000000000131
14002d090	FUN_14002d090	14002d23b	140049348	0x29
14002d090	FUN_14002d090	14002d248	140049348	0x29
14002d090	FUN_14002d090	14002d248	140049349	0x0
14002d090	FUN_14002d090	14002d25e	140043590	8000000000000b65
14002d090	FUN_14002d090	14002d270	140042c78	8000000000001e24
14002d090	FUN_14002d090	14002d27b	140043530	8000000000000408
14002d090	FUN_14002d090	14002d286	140043530	8000000000000408
14002d090	FUN_14002d090	14002d2a8	140042628	00061e4e
14002d090	FUN_14002d090	14002d2c8	140043570	800000000000012c
14002d090	FUN_14002d090	14002d2d2	14004c6ac	[(!)]
14002d090	FUN_14002d090	14002d2dd	140043448	8000000000001197
14002d090	FUN_14002d090	14002d2ff	140043570	800000000000012c
14002d090	FUN_14002d090	14002d310	140043570	800000000000012c
14002d090	FUN_14002d090	14002d319	14004c6b8	[(!)] Remote host is busy. Please retry later.
14002d090	FUN_14002d090	14002d324	140043538	8000000000000136
14002d090	FUN_14002d090	14002d341	140043530	8000000000000408
14002d090	FUN_14002d090	14002d34f	14004c6e8	lola.GetRemoteInfo()
14002d090	FUN_14002d090	14002d35a	140043448	8000000000001197
14002d090	FUN_14002d090	14002d38a	14004c700	lola.ResetRemoteInfo()
14002d090	FUN_14002d090	14002d395	140043448	8000000000001197
14002d090	FUN_14002d090	14002d3c5	14004c718	lola.GetRemoteSettings()
14002d090	FUN_14002d090	14002d3d0	140043448	8000000000001197
14002d090	FUN_14002d090	14002d40b	14004a164	0xd
14002d090	FUN_14002d090	14002d416	140043538	8000000000000136
14002d090	FUN_14002d090	14002d446	1400439ac	0x0
14002d090	FUN_14002d090	14002d451	140043538	8000000000000136
14002d090	FUN_14002d090	14002d45f	1400439a0	0x25
14002d090	FUN_14002d090	14002d46a	140043470	8000000000001228
14002d090	FUN_14002d090	14002d470	1400439ac	0x0
14002d090	FUN_14002d090	14002d47b	140043538	8000000000000136
14002d090	FUN_14002d090	14002d491	140042628	00061e4e
14002d090	FUN_14002d090	14002d4aa	1400434b8	800000000000163b
14002d090	FUN_14002d090	14002d4b7	140043580	8000000000000131
14002d090	FUN_14002d090	14002d4d8	14004c738	Session 
14002d090	FUN_14002d090	14002d4e3	140043590	8000000000000b65
14002d090	FUN_14002d090	14002d4ed	1400434b8	800000000000163b
14002d090	FUN_14002d090	14002d4fa	140043580	8000000000000131
14002d090	FUN_14002d090	14002d517	140049b30	0x20
14002d090	FUN_14002d090	14002d526	140043590	8000000000000b65
14002d090	FUN_14002d090	14002d530	1400434b8	800000000000163b
14002d090	FUN_14002d090	14002d53d	140043580	8000000000000131
14002d090	FUN_14002d090	14002d566	140043590	8000000000000b65
14002d090	FUN_14002d090	14002d570	1400434b8	800000000000163b
14002d090	FUN_14002d090	14002d57d	140043580	8000000000000131
14002d090	FUN_14002d090	14002d599	14004a164	0xd
14002d090	FUN_14002d090	14002d5a8	140043590	8000000000000b65
14002d090	FUN_14002d090	14002d5b5	140042c68	800000000000096f
14002d090	FUN_14002d090	14002d5c0	140043530	8000000000000408
14002d090	FUN_14002d090	14002d5cb	140043530	8000000000000408
14002d090	FUN_14002d090	14002d5d6	140043530	8000000000000408
14002d090	FUN_14002d090	14002d5e3	140043530	8000000000000408
14002d090	FUN_14002d090	14002d5ee	140043530	8000000000000408
14002d090	FUN_14002d090	14002d5f9	140043530	8000000000000408
14002d090	FUN_14002d090	14002d622	14004c748	Version: 
14002d090	FUN_14002d090	14002d62d	140043538	8000000000000136
14002d090	FUN_14002d090	14002d634	140048780	2.0.0 - Beta 1
14002d090	FUN_14002d090	14002d63f	140042ec8	800000000000068a
14002d090	FUN_14002d090	14002d645	14004c758	\r\nBuild: Ximea SDK
14002d090	FUN_14002d090	14002d650	140042ec8	800000000000068a
14002d090	FUN_14002d090	14002d656	1400489b8	 - CUDA Disabled
14002d090	FUN_14002d090	14002d661	140042ec8	800000000000068a
14002d090	FUN_14002d090	14002d667	1400439ac	0x0
14002d090	FUN_14002d090	14002d672	140043538	8000000000000136
14002d090	FUN_14002d090	14002d6c9	140043570	800000000000012c
14002d090	FUN_14002d090	14002d723	1400466c8	0x4f
14002d090	FUN_14002d090	14002d72a	1400466cc	0x4f
14002d090	FUN_14002d090	14002d794	1400466c8	0x4f
14002d090	FUN_14002d090	14002d7a3	1400466c8	0x4f
14002d090	FUN_14002d090	14002d7a8	1400466c8	0x4f
14002d090	FUN_14002d090	14002d7d5	14004c770	=== [Lola Info] ===\r\n%s\r\n=== [HW/SW Info] ===\r\n%s\r\nNICs: %sOS: %s\r\n=== [HW/SW Settings] ===\r\n%s\r\nASIO Buffer size: %d samples\r\nCamera File: %s\r\nVideo FpS: %d\r\nOptimize JPEG decompression: %s\r\nSIMD Acceleration: %s\r\nIncomplete frame threshold: %d%%\r\nIP and UDP Advanced Filtering: %s\r\nVideoPacketSize: %d\r\n=== [A/V Buffers] ===\r\nAudio: %d\r\nVideo: %d\r\n
14002d090	FUN_14002d090	14002d7e0	140043470	8000000000001228
14002d090	FUN_14002d090	14002d7eb	140043530	8000000000000408
14002d090	FUN_14002d090	14002d7f6	140043530	8000000000000408
14002d090	FUN_14002d090	14002d801	140043530	8000000000000408
14002d090	FUN_14002d090	14002d81f	140043570	800000000000012c
14002d090	FUN_14002d090	14002d830	140043570	800000000000012c
14002d090	FUN_14002d090	14002d841	140043570	800000000000012c
14002d090	FUN_14002d090	14002d85f	140043530	8000000000000408
14002d090	FUN_14002d090	14002d86a	140043530	8000000000000408
14002d090	FUN_14002d090	14002d875	140043530	8000000000000408
14002d090	FUN_14002d090	14002d883	14004c8d0	lola.SetRemoteAudioBuffer(
14002d090	FUN_14002d090	14002d88e	140043448	8000000000001197
14002d090	FUN_14002d090	14002d8bb	14004c8d0	lola.SetRemoteAudioBuffer(
14002d090	FUN_14002d090	14002d8c6	140043448	8000000000001197
14002d090	FUN_14002d090	14002d8ce	1400439ac	0x0
14002d090	FUN_14002d090	14002d8d5	14004c8d0	lola.SetRemoteAudioBuffer(
14002d090	FUN_14002d090	14002d8e0	140043390	8000000000003067
14002d090	FUN_14002d090	14002d8e6	1400439ac	0x0
14002d090	FUN_14002d090	14002d8ed	14004c8ec	0x29
14002d090	FUN_14002d090	14002d8f8	140043390	8000000000003067
14002d090	FUN_14002d090	14002d909	140043370	80000000000020e1
14002d090	FUN_14002d090	14002d914	1400427f0	00062970
14002d090	FUN_14002d090	14002d926	1400439ac	0x0
14002d090	FUN_14002d090	14002d931	140043538	8000000000000136
14002d090	FUN_14002d090	14002d93f	1400439a0	0x25
14002d090	FUN_14002d090	14002d94a	140043470	8000000000001228
14002d090	FUN_14002d090	14002d96d	140042628	00061e4e
14002d090	FUN_14002d090	14002d9a6	140043588	800000000000013c
14002d090	FUN_14002d090	14002d9bf	14004c8f0	[Remote Audio buffer changed correctly]\r\nAudio: %d\r\n
14002d090	FUN_14002d090	14002d9ca	140043470	8000000000001228
14002d090	FUN_14002d090	14002d9e8	140043570	800000000000012c
14002d090	FUN_14002d090	14002d9f9	140043570	800000000000012c
14002d090	FUN_14002d090	14002da0a	140043570	800000000000012c
14002d090	FUN_14002d090	14002da27	140043530	8000000000000408
14002d090	FUN_14002d090	14002da32	140043530	8000000000000408
14002d090	FUN_14002d090	14002da3d	140043530	8000000000000408
14002d090	FUN_14002d090	14002da4b	14004c928	lola.ForceDisconnect(
14002d090	FUN_14002d090	14002da56	140043448	8000000000001197
14002d090	FUN_14002d090	14002da68	14004c928	lola.ForceDisconnect(
14002d090	FUN_14002d090	14002da73	140043448	8000000000001197
14002d090	FUN_14002d090	14002da7b	1400439ac	0x0
14002d090	FUN_14002d090	14002da82	14004c928	lola.ForceDisconnect(
14002d090	FUN_14002d090	14002da8d	140043390	8000000000003067
14002d090	FUN_14002d090	14002da93	1400439ac	0x0
14002d090	FUN_14002d090	14002da9a	14004c8ec	0x29
14002d090	FUN_14002d090	14002daa5	140043390	8000000000003067
14002d090	FUN_14002d090	14002dab6	140043370	80000000000020e1
14002d090	FUN_14002d090	14002dac0	140043280	800000000000367d
14002d090	FUN_14002d090	14002dacd	140043570	800000000000012c
14002d090	FUN_14002d090	14002dad8	140043530	8000000000000408
14002d090	FUN_14002d090	14002daf1	1400439ac	0x0
14002d090	FUN_14002d090	14002dafc	140043538	8000000000000136
14002d090	FUN_14002d090	14002db07	14004c940	[Remote %s has disconnected successfully]\r\n
14002d090	FUN_14002d090	14002db12	140043470	8000000000001228
14002d090	FUN_14002d090	14002db30	140043570	800000000000012c
14002d090	FUN_14002d090	14002db41	140043570	800000000000012c
14002d090	FUN_14002d090	14002db52	140043570	800000000000012c
14002d090	FUN_14002d090	14002db6f	140043530	8000000000000408
14002d090	FUN_14002d090	14002db7a	140043530	8000000000000408
14002d090	FUN_14002d090	14002dc1a	140042628	00061e4e
14002d090	FUN_14002d090	14002dc32	140042628	00061e4e
14002d090	FUN_14002d090	14002dc3f	1400439ac	0x0
14002d090	FUN_14002d090	14002dc55	140042628	00061e4e
14002d090	FUN_14002d090	14002dc87	140042628	00061e4e
14002d090	FUN_14002d090	14002dc9f	140042628	00061e4e
14002d090	FUN_14002d090	14002dcbf	140042628	00061e4e
14002d090	FUN_14002d090	14002dcca	140043530	8000000000000408
14002d090	FUN_14002d090	14002dcd5	140043530	8000000000000408
14002d090	FUN_14002d090	14002dce0	140043530	8000000000000408
14002d090	FUN_14002d090	14002dceb	140043530	8000000000000408
1400381e8	CDialog	1400381e8	140043498	80000000000001be
140036d30	`eh_vector_constructor_iterator'	140036d6c	1400437c8	140039e50
140037eb8	CWnd	140037eb8	1400431f8	80000000000003dc
