symbol	address	ref_from	ref_type	function	function_entry
JPEG62.DLL::jpeg_mem_src	EXTERNAL:00000003	140042aa0	DATA		
JPEG62.DLL::jpeg_mem_src	EXTERNAL:00000003	140036063	COMPUTED_JUMP	jpeg_mem_src	140036063
JPEG62.DLL::jpeg_destroy_decompress	EXTERNAL:00000004	140042aa8	DATA		
JPEG62.DLL::jpeg_destroy_decompress	EXTERNAL:00000004	14003605d	COMPUTED_JUMP	jpeg_destroy_decompress	14003605d
JPEG62.DLL::jpeg_std_error	EXTERNAL:00000005	140042ab0	DATA		
JPEG62.DLL::jpeg_std_error	EXTERNAL:00000005	140036051	COMPUTED_JUMP	jpeg_std_error	140036051
JPEG62.DLL::jpeg_read_header	EXTERNAL:00000006	140042ab8	DATA		
JPEG62.DLL::jpeg_read_header	EXTERNAL:00000006	140036069	COMPUTED_JUMP	jpeg_read_header	140036069
JPEG62.DLL::jpeg_start_decompress	EXTERNAL:00000007	140042ac0	DATA		
JPEG62.DLL::jpeg_start_decompress	EXTERNAL:00000007	14003606f	COMPUTED_JUMP	jpeg_start_decompress	14003606f
JPEG62.DLL::jpeg_read_scanlines	EXTERNAL:00000008	140042ac8	DATA		
JPEG62.DLL::jpeg_read_scanlines	EXTERNAL:00000008	140036075	COMPUTED_JUMP	jpeg_read_scanlines	140036075
JPEG62.DLL::jpeg_finish_decompress	EXTERNAL:00000009	140042ad0	DATA		
JPEG62.DLL::jpeg_finish_decompress	EXTERNAL:00000009	14003607b	COMPUTED_JUMP	jpeg_finish_decompress	14003607b
JPEG62.DLL::jpeg_CreateCompress	EXTERNAL:0000000a	140042ad8	DATA		
JPEG62.DLL::jpeg_CreateCompress	EXTERNAL:0000000a	140036081	COMPUTED_JUMP	jpeg_CreateCompress	140036081
JPEG62.DLL::jpeg_destroy_compress	EXTERNAL:0000000b	140042ae0	DATA		
JPEG62.DLL::jpeg_destroy_compress	EXTERNAL:0000000b	140036087	COMPUTED_JUMP	jpeg_destroy_compress	140036087
JPEG62.DLL::jpeg_mem_dest	EXTERNAL:0000000c	140042ae8	DATA		
JPEG62.DLL::jpeg_mem_dest	EXTERNAL:0000000c	14003608d	COMPUTED_JUMP	jpeg_mem_dest	14003608d
JPEG62.DLL::jpeg_set_defaults	EXTERNAL:0000000d	140042af0	DATA		
JPEG62.DLL::jpeg_set_defaults	EXTERNAL:0000000d	140036093	COMPUTED_JUMP	jpeg_set_defaults	140036093
JPEG62.DLL::jpeg_set_quality	EXTERNAL:0000000e	140042af8	DATA		
JPEG62.DLL::jpeg_set_quality	EXTERNAL:0000000e	140036099	COMPUTED_JUMP	jpeg_set_quality	140036099
JPEG62.DLL::jpeg_start_compress	EXTERNAL:0000000f	140042b00	DATA		
JPEG62.DLL::jpeg_start_compress	EXTERNAL:0000000f	14003609f	COMPUTED_JUMP	jpeg_start_compress	14003609f
JPEG62.DLL::jpeg_write_scanlines	EXTERNAL:00000010	140042b08	DATA		
JPEG62.DLL::jpeg_write_scanlines	EXTERNAL:00000010	1400360a5	COMPUTED_JUMP	jpeg_write_scanlines	1400360a5
JPEG62.DLL::jpeg_finish_compress	EXTERNAL:00000011	140042b10	DATA		
JPEG62.DLL::jpeg_finish_compress	EXTERNAL:00000011	1400360ab	COMPUTED_JUMP	jpeg_finish_compress	1400360ab
JPEG62.DLL::jpeg_CreateDecompress	EXTERNAL:00000012	140042b18	DATA		
JPEG62.DLL::jpeg_CreateDecompress	EXTERNAL:00000012	140036057	COMPUTED_JUMP	jpeg_CreateDecompress	140036057
PORTAUDIO_X64.DLL::Pa_CloseStream	EXTERNAL:0000001c	140043670	DATA		
PORTAUDIO_X64.DLL::Pa_CloseStream	EXTERNAL:0000001c	140036117	COMPUTED_JUMP	Pa_CloseStream	140036117
PORTAUDIO_X64.DLL::Pa_StartStream	EXTERNAL:0000001d	140043678	DATA		
PORTAUDIO_X64.DLL::Pa_StartStream	EXTERNAL:0000001d	14003611d	COMPUTED_JUMP	Pa_StartStream	14003611d
PORTAUDIO_X64.DLL::Pa_StopStream	EXTERNAL:0000001e	140043680	DATA		
PORTAUDIO_X64.DLL::Pa_StopStream	EXTERNAL:0000001e	140036123	COMPUTED_JUMP	Pa_StopStream	140036123
PORTAUDIO_X64.DLL::Pa_IsStreamStopped	EXTERNAL:0000001f	140043688	DATA		
PORTAUDIO_X64.DLL::Pa_IsStreamStopped	EXTERNAL:0000001f	140036129	COMPUTED_JUMP	Pa_IsStreamStopped	140036129
PORTAUDIO_X64.DLL::Pa_IsStreamActive	EXTERNAL:00000020	140043690	DATA		
PORTAUDIO_X64.DLL::Pa_IsStreamActive	EXTERNAL:00000020	14003612f	COMPUTED_JUMP	Pa_IsStreamActive	14003612f
PORTAUDIO_X64.DLL::PaAsio_GetAvailableBufferSizes	EXTERNAL:00000021	140043698	DATA		
PORTAUDIO_X64.DLL::PaAsio_GetAvailableBufferSizes	EXTERNAL:00000021	140036135	COMPUTED_JUMP	PaAsio_GetAvailableBufferSizes	140036135
PORTAUDIO_X64.DLL::Pa_Initialize	EXTERNAL:00000022	1400436a0	DATA		
PORTAUDIO_X64.DLL::Pa_Initialize	EXTERNAL:00000022	1400360ed	COMPUTED_JUMP	Pa_Initialize	1400360ed
PORTAUDIO_X64.DLL::Pa_OpenStream	EXTERNAL:00000023	1400436a8	DATA		
PORTAUDIO_X64.DLL::Pa_OpenStream	EXTERNAL:00000023	140036111	COMPUTED_JUMP	Pa_OpenStream	140036111
PORTAUDIO_X64.DLL::Pa_GetDeviceInfo	EXTERNAL:00000024	1400436b0	DATA		
PORTAUDIO_X64.DLL::Pa_GetDeviceInfo	EXTERNAL:00000024	14003610b	COMPUTED_JUMP	Pa_GetDeviceInfo	14003610b
PORTAUDIO_X64.DLL::Pa_HostApiDeviceIndexToDeviceIndex	EXTERNAL:00000025	1400436b8	DATA		
PORTAUDIO_X64.DLL::Pa_HostApiDeviceIndexToDeviceIndex	EXTERNAL:00000025	140036105	COMPUTED_JUMP	Pa_HostApiDeviceIndexToDeviceIndex	140036105
PORTAUDIO_X64.DLL::Pa_GetErrorText	EXTERNAL:00000026	1400436c0	DATA		
PORTAUDIO_X64.DLL::Pa_GetErrorText	EXTERNAL:00000026	1400360e7	COMPUTED_JUMP	Pa_GetErrorText	1400360e7
PORTAUDIO_X64.DLL::Pa_GetHostApiInfo	EXTERNAL:00000027	1400436c8	DATA		
PORTAUDIO_X64.DLL::Pa_GetHostApiInfo	EXTERNAL:00000027	1400360ff	COMPUTED_JUMP	Pa_GetHostApiInfo	1400360ff
PORTAUDIO_X64.DLL::Pa_Terminate	EXTERNAL:00000028	1400436d0	DATA		
PORTAUDIO_X64.DLL::Pa_Terminate	EXTERNAL:00000028	1400360f3	COMPUTED_JUMP	Pa_Terminate	1400360f3
PORTAUDIO_X64.DLL::Pa_GetHostApiCount	EXTERNAL:00000029	1400436d8	DATA		
PORTAUDIO_X64.DLL::Pa_GetHostApiCount	EXTERNAL:00000029	1400360f9	COMPUTED_JUMP	Pa_GetHostApiCount	1400360f9
WPCAP.DLL::pcap_findalldevs_ex	EXTERNAL:0000002a	1400436e8	DATA		
WPCAP.DLL::pcap_findalldevs_ex	EXTERNAL:0000002a	140036189	COMPUTED_JUMP	pcap_findalldevs_ex	140036189
WPCAP.DLL::pcap_setmintocopy	EXTERNAL:0000002b	1400436f0	DATA		
WPCAP.DLL::pcap_setmintocopy	EXTERNAL:0000002b	140036183	COMPUTED_JUMP	pcap_setmintocopy	140036183
WPCAP.DLL::pcap_freealldevs	EXTERNAL:0000002c	1400436f8	DATA		
WPCAP.DLL::pcap_freealldevs	EXTERNAL:0000002c	14003617d	COMPUTED_JUMP	pcap_freealldevs	14003617d
WPCAP.DLL::pcap_compile	EXTERNAL:0000002d	140043700	DATA		
WPCAP.DLL::pcap_compile	EXTERNAL:0000002d	140036177	COMPUTED_JUMP	pcap_compile	140036177
WPCAP.DLL::pcap_setfilter	EXTERNAL:0000002e	140043708	DATA		
WPCAP.DLL::pcap_setfilter	EXTERNAL:0000002e	140036171	COMPUTED_JUMP	pcap_setfilter	140036171
WPCAP.DLL::pcap_next_ex	EXTERNAL:0000002f	140043710	DATA		
WPCAP.DLL::pcap_next_ex	EXTERNAL:0000002f	14003616b	COMPUTED_JUMP	pcap_next_ex	14003616b
WPCAP.DLL::pcap_sendqueue_transmit	EXTERNAL:00000030	140043718	DATA		
WPCAP.DLL::pcap_sendqueue_transmit	EXTERNAL:00000030	140036165	COMPUTED_JUMP	pcap_sendqueue_transmit	140036165
WPCAP.DLL::pcap_sendqueue_queue	EXTERNAL:00000031	140043720	DATA		
WPCAP.DLL::pcap_sendqueue_queue	EXTERNAL:00000031	14003615f	COMPUTED_JUMP	pcap_sendqueue_queue	14003615f
WPCAP.DLL::pcap_sendqueue_destroy	EXTERNAL:00000032	140043728	DATA		
WPCAP.DLL::pcap_sendqueue_destroy	EXTERNAL:00000032	140036159	COMPUTED_JUMP	pcap_sendqueue_destroy	140036159
WPCAP.DLL::pcap_findalldevs	EXTERNAL:00000033	140043730	DATA		
WPCAP.DLL::pcap_findalldevs	EXTERNAL:00000033	140036147	COMPUTED_JUMP	pcap_findalldevs	140036147
WPCAP.DLL::pcap_close	EXTERNAL:00000034	140043738	DATA		
WPCAP.DLL::pcap_close	EXTERNAL:00000034	14003613b	COMPUTED_JUMP	pcap_close	14003613b
WPCAP.DLL::pcap_sendpacket	EXTERNAL:00000035	140043740	DATA		
WPCAP.DLL::pcap_sendpacket	EXTERNAL:00000035	140036141	COMPUTED_JUMP	pcap_sendpacket	140036141
WPCAP.DLL::pcap_open	EXTERNAL:00000036	140043748	DATA		
WPCAP.DLL::pcap_open	EXTERNAL:00000036	14003614d	COMPUTED_JUMP	pcap_open	14003614d
WPCAP.DLL::pcap_sendqueue_alloc	EXTERNAL:00000037	140043750	DATA		
WPCAP.DLL::pcap_sendqueue_alloc	EXTERNAL:00000037	140036153	COMPUTED_JUMP	pcap_sendqueue_alloc	140036153
XIAPI64.DLL::xiGetImage	EXTERNAL:0000025d	140043760	DATA		
XIAPI64.DLL::xiGetImage	EXTERNAL:0000025d	140010241	COMPUTED_CALL	FUN_14000fb40	14000fb40
XIAPI64.DLL::xiGetImage	EXTERNAL:0000025d	1400132b2	COMPUTED_CALL	FUN_140012ec0	140012ec0
XIAPI64.DLL::xiGetImage	EXTERNAL:0000025d	14000f13f	COMPUTED_CALL	FUN_14000efc0	14000efc0
XIAPI64.DLL::xiStopAcquisition	EXTERNAL:0000025e	140043768	DATA		
XIAPI64.DLL::xiStopAcquisition	EXTERNAL:0000025e	14000fcab	COMPUTED_CALL	FUN_14000fb40	14000fb40
XIAPI64.DLL::xiStartAcquisition	EXTERNAL:0000025f	140043770	DATA		
XIAPI64.DLL::xiStartAcquisition	EXTERNAL:0000025f	140010222	COMPUTED_CALL	FUN_14000fb40	14000fb40
XIAPI64.DLL::xiCloseDevice	EXTERNAL:00000260	140043778	DATA		
XIAPI64.DLL::xiCloseDevice	EXTERNAL:00000260	14000fcb5	COMPUTED_CALL	FUN_14000fb40	14000fb40
XIAPI64.DLL::xiCloseDevice	EXTERNAL:00000260	14000ea38	COMPUTED_CALL	FUN_14000e960	14000e960
XIAPI64.DLL::xiCloseDevice	EXTERNAL:00000260	140012a28	COMPUTED_CALL	FUN_1400129d0	1400129d0
XIAPI64.DLL::xiOpenDevice	EXTERNAL:00000261	140043780	DATA		
XIAPI64.DLL::xiOpenDevice	EXTERNAL:00000261	14000fd24	COMPUTED_CALL	FUN_14000fb40	14000fb40
XIAPI64.DLL::xiGetNumberDevices	EXTERNAL:00000262	140043788	DATA		
XIAPI64.DLL::xiGetNumberDevices	EXTERNAL:00000262	140013c73	COMPUTED_CALL	FUN_140013c40	140013c40
XIAPI64.DLL::xiSetParamFloat	EXTERNAL:00000263	140043790	DATA		
XIAPI64.DLL::xiSetParamFloat	EXTERNAL:00000263	1400100d2	COMPUTED_CALL	FUN_14000fb40	14000fb40
XIAPI64.DLL::xiSetParamFloat	EXTERNAL:00000263	1400100e7	COMPUTED_CALL	FUN_14000fb40	14000fb40
XIAPI64.DLL::xiSetParamFloat	EXTERNAL:00000263	14001010f	COMPUTED_CALL	FUN_14000fb40	14000fb40
XIAPI64.DLL::xiSetParamFloat	EXTERNAL:00000263	140010123	COMPUTED_CALL	FUN_14000fb40	14000fb40
XIAPI64.DLL::xiSetParamFloat	EXTERNAL:00000263	1400100bd	COMPUTED_CALL	FUN_14000fb40	14000fb40
XIAPI64.DLL::xiSetParamFloat	EXTERNAL:00000263	14001019c	COMPUTED_CALL	FUN_14000fb40	14000fb40
XIAPI64.DLL::xiSetParamFloat	EXTERNAL:00000263	1400101b1	COMPUTED_CALL	FUN_14000fb40	14000fb40
XIAPI64.DLL::xiSetParamFloat	EXTERNAL:00000263	1400101c6	COMPUTED_CALL	FUN_14000fb40	14000fb40
XIAPI64.DLL::xiSetParamFloat	EXTERNAL:00000263	1400101ef	COMPUTED_CALL	FUN_14000fb40	14000fb40
XIAPI64.DLL::xiSetParamFloat	EXTERNAL:00000263	140010204	COMPUTED_CALL	FUN_14000fb40	14000fb40
XIAPI64.DLL::xiSetParamFloat	EXTERNAL:00000263	1400228c9	COMPUTED_CALL	FUN_1400227d0	1400227d0
XIAPI64.DLL::xiSetParamFloat	EXTERNAL:00000263	140022933	COMPUTED_CALL	FUN_1400227d0	1400227d0
XIAPI64.DLL::xiSetParamFloat	EXTERNAL:00000263	14002291b	COMPUTED_CALL	FUN_1400227d0	1400227d0
XIAPI64.DLL::xiSetParamFloat	EXTERNAL:00000263	1400228b2	COMPUTED_CALL	FUN_1400227d0	1400227d0
XIAPI64.DLL::xiSetParamFloat	EXTERNAL:00000263	14002289b	COMPUTED_CALL	FUN_1400227d0	1400227d0
XIAPI64.DLL::xiGetParamInt	EXTERNAL:00000264	140043798	DATA		
XIAPI64.DLL::xiGetParamInt	EXTERNAL:00000264	14000fe05	COMPUTED_CALL	FUN_14000fb40	14000fb40
XIAPI64.DLL::xiGetParamInt	EXTERNAL:00000264	14000fe2b	COMPUTED_CALL	FUN_14000fb40	14000fb40
XIAPI64.DLL::xiGetParamInt	EXTERNAL:00000264	1400131d2	COMPUTED_CALL	FUN_140012ec0	140012ec0
XIAPI64.DLL::xiGetParamInt	EXTERNAL:00000264	1400226a2	COMPUTED_CALL	FUN_140022670	140022670
XIAPI64.DLL::xiGetParamString	EXTERNAL:00000265	1400437a0	DATA		
XIAPI64.DLL::xiGetParamString	EXTERNAL:00000265	14000fa98	COMPUTED_CALL	FUN_14000fa20	14000fa20
XIAPI64.DLL::xiGetParamString	EXTERNAL:00000265	14000fab7	COMPUTED_CALL	FUN_14000fa20	14000fa20
XIAPI64.DLL::xiSetParamInt	EXTERNAL:00000266	1400437a8	DATA		
XIAPI64.DLL::xiSetParamInt	EXTERNAL:00000266	140021e0d	COMPUTED_JUMP	FUN_140021dd0	140021dd0
XIAPI64.DLL::xiSetParamInt	EXTERNAL:00000266	14000fd5f	COMPUTED_CALL	FUN_14000fb40	14000fb40
XIAPI64.DLL::xiSetParamInt	EXTERNAL:00000266	14000fe7d	COMPUTED_CALL	FUN_14000fb40	14000fb40
XIAPI64.DLL::xiSetParamInt	EXTERNAL:00000266	14000fe93	COMPUTED_CALL	FUN_14000fb40	14000fb40
XIAPI64.DLL::xiSetParamInt	EXTERNAL:00000266	14000fea7	COMPUTED_CALL	FUN_14000fb40	14000fb40
XIAPI64.DLL::xiSetParamInt	EXTERNAL:00000266	14000febb	COMPUTED_CALL	FUN_14000fb40	14000fb40
XIAPI64.DLL::xiSetParamInt	EXTERNAL:00000266	14000fecf	COMPUTED_CALL	FUN_14000fb40	14000fb40
XIAPI64.DLL::xiSetParamInt	EXTERNAL:00000266	14000fee3	COMPUTED_CALL	FUN_14000fb40	14000fb40
XIAPI64.DLL::xiSetParamInt	EXTERNAL:00000266	1400100fb	COMPUTED_CALL	FUN_14000fb40	14000fb40
XIAPI64.DLL::xiSetParamInt	EXTERNAL:00000266	14001013d	COMPUTED_CALL	FUN_14000fb40	14000fb40
XIAPI64.DLL::xiSetParamInt	EXTERNAL:00000266	1400101da	COMPUTED_CALL	FUN_14000fb40	14000fb40
XIAPI64.DLL::xiSetParamInt	EXTERNAL:00000266	140010218	COMPUTED_CALL	FUN_14000fb40	14000fb40
XIAPI64.DLL::xiSetParamInt	EXTERNAL:00000266	14000fda9	COMPUTED_CALL	FUN_14000fb40	14000fb40
XIAPI64.DLL::xiSetParamInt	EXTERNAL:00000266	140021cdd	COMPUTED_CALL	FUN_140021cc0	140021cc0
XIAPI64.DLL::xiSetParamInt	EXTERNAL:00000266	1400228f7	COMPUTED_CALL	FUN_1400227d0	1400227d0
XIAPI64.DLL::xiGetParamFloat	EXTERNAL:00000267	1400437b0	DATA		
XIAPI64.DLL::xiGetParamFloat	EXTERNAL:00000267	140021d19	COMPUTED_CALL	FUN_140021cc0	140021cc0
XIAPI64.DLL::xiGetParamFloat	EXTERNAL:00000267	140021d32	COMPUTED_CALL	FUN_140021cc0	140021cc0
XIAPI64.DLL::xiGetParamFloat	EXTERNAL:00000267	140021d4b	COMPUTED_CALL	FUN_140021cc0	140021cc0
IPHLPAPI.DLL::IcmpSendEcho	EXTERNAL:00000268	1400420e8	DATA		
IPHLPAPI.DLL::IcmpSendEcho	EXTERNAL:00000268	140039b12	COMPUTED_JUMP	IcmpSendEcho	140039b12
IPHLPAPI.DLL::IcmpCloseHandle	EXTERNAL:00000269	1400420f0	DATA		
IPHLPAPI.DLL::IcmpCloseHandle	EXTERNAL:00000269	140039b0c	COMPUTED_JUMP	IcmpCloseHandle	140039b0c
IPHLPAPI.DLL::IcmpCreateFile	EXTERNAL:0000026a	1400420f8	DATA		
IPHLPAPI.DLL::IcmpCreateFile	EXTERNAL:0000026a	140039b06	COMPUTED_JUMP	IcmpCreateFile	140039b06
IPHLPAPI.DLL::SendARP	EXTERNAL:0000026b	140042100	DATA		
IPHLPAPI.DLL::SendARP	EXTERNAL:0000026b	140039b00	COMPUTED_JUMP	SendARP	140039b00
IPHLPAPI.DLL::GetAdaptersInfo	EXTERNAL:0000026c	140042108	DATA		
IPHLPAPI.DLL::GetAdaptersInfo	EXTERNAL:0000026c	140039afa	COMPUTED_JUMP	GetAdaptersInfo	140039afa
WS2_32.DLL::inet_pton	EXTERNAL:000002c4	140042748	DATA		
WS2_32.DLL::inet_pton	EXTERNAL:000002c4	140020022	COMPUTED_CALL	FUN_14001ffa0	14001ffa0
WS2_32.DLL::inet_pton	EXTERNAL:000002c4	140020039	COMPUTED_CALL	FUN_14001ffa0	14001ffa0
WS2_32.DLL::inet_pton	EXTERNAL:000002c4	14002b6f0	COMPUTED_CALL	FUN_14002b650	14002b650
WS2_32.DLL::socket	EXTERNAL:000002c5	140042750	DATA		
WS2_32.DLL::socket	EXTERNAL:000002c5	14001fff0	COMPUTED_CALL	FUN_14001ffa0	14001ffa0
WS2_32.DLL::socket	EXTERNAL:000002c5	14002017c	COMPUTED_CALL	FUN_140020110	140020110
WS2_32.DLL::sendto	EXTERNAL:000002c6	140042758	DATA		
WS2_32.DLL::sendto	EXTERNAL:000002c6	14002008f	COMPUTED_CALL	FUN_14001ffa0	14001ffa0
WS2_32.DLL::recvfrom	EXTERNAL:000002c7	140042760	DATA		
WS2_32.DLL::recvfrom	EXTERNAL:000002c7	14002021a	COMPUTED_CALL	FUN_140020110	140020110
WS2_32.DLL::htons	EXTERNAL:000002c8	140042768	DATA		
WS2_32.DLL::htons	EXTERNAL:000002c8	14002000c	COMPUTED_CALL	FUN_14001ffa0	14001ffa0
WS2_32.DLL::htons	EXTERNAL:000002c8	140020aeb	COMPUTED_CALL	FUN_140020a80	140020a80
WS2_32.DLL::htons	EXTERNAL:000002c8	140020c17	COMPUTED_CALL	FUN_140020ba0	140020ba0
WS2_32.DLL::htons	EXTERNAL:000002c8	140020c2a	COMPUTED_CALL	FUN_140020ba0	140020ba0
WS2_32.DLL::htons	EXTERNAL:000002c8	140020c80	COMPUTED_CALL	FUN_140020ba0	140020ba0
WS2_32.DLL::htons	EXTERNAL:000002c8	140020c96	COMPUTED_CALL	FUN_140020ba0	140020ba0
WS2_32.DLL::htons	EXTERNAL:000002c8	140020ca8	COMPUTED_CALL	FUN_140020ba0	140020ba0
WS2_32.DLL::htons	EXTERNAL:000002c8	140020cd6	COMPUTED_CALL	FUN_140020ba0	140020ba0
WS2_32.DLL::htons	EXTERNAL:000002c8	140020ce7	COMPUTED_CALL	FUN_140020ba0	140020ba0
WS2_32.DLL::htons	EXTERNAL:000002c8	140020d3a	COMPUTED_CALL	FUN_140020ba0	140020ba0
WS2_32.DLL::htons	EXTERNAL:000002c8	1400201a9	COMPUTED_CALL	FUN_140020110	140020110
WS2_32.DLL::htonl	EXTERNAL:000002c9	140042770	DATA		
WS2_32.DLL::htonl	EXTERNAL:000002c9	1400201b6	COMPUTED_CALL	FUN_140020110	140020110
WS2_32.DLL::closesocket	EXTERNAL:000002ca	140042778	DATA		
WS2_32.DLL::closesocket	EXTERNAL:000002ca	14002009c	COMPUTED_CALL	FUN_14001ffa0	14001ffa0
WS2_32.DLL::closesocket	EXTERNAL:000002ca	1400200e2	COMPUTED_CALL	FUN_14001ffa0	14001ffa0
WS2_32.DLL::closesocket	EXTERNAL:000002ca	14001f1b0	COMPUTED_CALL	FUN_14001f1a0	14001f1a0
WS2_32.DLL::bind	EXTERNAL:000002cb	140042780	DATA		
WS2_32.DLL::bind	EXTERNAL:000002cb	140020053	COMPUTED_CALL	FUN_14001ffa0	14001ffa0
WS2_32.DLL::bind	EXTERNAL:000002cb	1400201ce	COMPUTED_CALL	FUN_140020110	140020110
WS2_32.DLL::ntohs	EXTERNAL:000002cc	140042788	DATA		
WS2_32.DLL::ntohs	EXTERNAL:000002cc	14001546b	COMPUTED_CALL	FUN_1400152d0	1400152d0
WS2_32.DLL::ntohs	EXTERNAL:000002cc	140015477	COMPUTED_CALL	FUN_1400152d0	1400152d0
WS2_32.DLL::ntohs	EXTERNAL:000002cc	140015486	COMPUTED_CALL	FUN_1400152d0	1400152d0
WS2_32.DLL::inet_addr	EXTERNAL:000002cd	140042790	DATA		
WS2_32.DLL::inet_addr	EXTERNAL:000002cd	140009e92	COMPUTED_CALL	FUN_140009bf0	140009bf0
WS2_32.DLL::inet_addr	EXTERNAL:000002cd	140012129	COMPUTED_CALL	FUN_140011c10	140011c10
WS2_32.DLL::inet_addr	EXTERNAL:000002cd	140012241	COMPUTED_CALL	FUN_140011c10	140011c10
WS2_32.DLL::inet_addr	EXTERNAL:000002cd	1400118c9	COMPUTED_CALL	FUN_1400115c0	1400115c0
WS2_32.DLL::inet_addr	EXTERNAL:000002cd	1400119e1	COMPUTED_CALL	FUN_1400115c0	1400115c0
WS2_32.DLL::inet_addr	EXTERNAL:000002cd	1400205ce	COMPUTED_CALL	FUN_1400205b0	1400205b0
WS2_32.DLL::inet_addr	EXTERNAL:000002cd	1400205dd	COMPUTED_CALL	FUN_1400205b0	1400205b0
WS2_32.DLL::inet_addr	EXTERNAL:000002cd	140020604	COMPUTED_CALL	FUN_1400205b0	1400205b0
WS2_32.DLL::inet_addr	EXTERNAL:000002cd	140020625	COMPUTED_CALL	FUN_1400205b0	1400205b0
WS2_32.DLL::inet_addr	EXTERNAL:000002cd	1400205f9	COMPUTED_CALL	FUN_1400205b0	1400205b0
WS2_32.DLL::inet_addr	EXTERNAL:000002cd	1400206f1	COMPUTED_CALL	FUN_140020660	140020660
WS2_32.DLL::inet_addr	EXTERNAL:000002cd	140020701	COMPUTED_CALL	FUN_140020660	140020660
WS2_32.DLL::WSAGetLastError	EXTERNAL:000002ce	140042798	DATA		
WS2_32.DLL::WSAGetLastError	EXTERNAL:000002ce	140020225	COMPUTED_CALL	FUN_140020110	140020110
WS2_32.DLL::getnameinfo	EXTERNAL:000002cf	1400427a0	DATA		
WS2_32.DLL::getnameinfo	EXTERNAL:000002cf	140007652	COMPUTED_CALL	FUN_140007520	140007520
WS2_32.DLL::freeaddrinfo	EXTERNAL:000002d0	1400427a8	DATA		
WS2_32.DLL::freeaddrinfo	EXTERNAL:000002d0	14000769d	COMPUTED_CALL	FUN_140007520	140007520
WS2_32.DLL::getaddrinfo	EXTERNAL:000002d1	1400427b0	DATA		
WS2_32.DLL::getaddrinfo	EXTERNAL:000002d1	1400075fe	COMPUTED_CALL	FUN_140007520	140007520
WS2_32.DLL::WSACleanup	EXTERNAL:000002d2	1400427b8	DATA		
WS2_32.DLL::WSACleanup	EXTERNAL:000002d2	14001f14b	COMPUTED_CALL	FUN_14001f120	14001f120
WS2_32.DLL::WSACleanup	EXTERNAL:000002d2	14000771f	COMPUTED_CALL	FUN_1400076e0	1400076e0
WS2_32.DLL::WSAStartup	EXTERNAL:000002d3	1400427c0	DATA		
WS2_32.DLL::WSAStartup	EXTERNAL:000002d3	140007566	COMPUTED_CALL	FUN_140007520	140007520
WS2_32.DLL::WSAStartup	EXTERNAL:000002d3	14001ef81	COMPUTED_CALL	FUN_14001eef0	14001eef0
WS2_32.DLL::gethostname	EXTERNAL:000002d4	1400427c8	DATA		
WS2_32.DLL::gethostname	EXTERNAL:000002d4	1400075b7	COMPUTED_CALL	FUN_140007520	140007520
JPEG62.DLL::jpeg_std_error	140036051	14000dc80	UNCONDITIONAL_CALL	FUN_14000db70	14000db70
JPEG62.DLL::jpeg_std_error	140036051	140010fd7	UNCONDITIONAL_CALL	FUN_1400107c0	1400107c0
JPEG62.DLL::jpeg_std_error	140036051	140011dc0	UNCONDITIONAL_CALL	FUN_140011c10	140011c10
JPEG62.DLL::jpeg_std_error	140036051	140015d3a	UNCONDITIONAL_CALL	FUN_1400152d0	1400152d0
JPEG62.DLL::jpeg_std_error	140036051	1400169d4	UNCONDITIONAL_CALL	FUN_1400161a0	1400161a0
JPEG62.DLL::jpeg_CreateDecompress	140036057	14000dc9a	UNCONDITIONAL_CALL	FUN_14000db70	14000db70
JPEG62.DLL::jpeg_CreateDecompress	140036057	140015d52	UNCONDITIONAL_CALL	FUN_1400152d0	1400152d0
JPEG62.DLL::jpeg_destroy_decompress	14003605d	14000dd41	UNCONDITIONAL_CALL	FUN_14000db70	14000db70
JPEG62.DLL::jpeg_destroy_decompress	14003605d	140015e0f	UNCONDITIONAL_CALL	FUN_1400152d0	1400152d0
JPEG62.DLL::jpeg_mem_src	140036063	14000dcb2	UNCONDITIONAL_CALL	FUN_14000db70	14000db70
JPEG62.DLL::jpeg_mem_src	140036063	140015d63	UNCONDITIONAL_CALL	FUN_1400152d0	1400152d0
JPEG62.DLL::jpeg_read_header	140036069	14000dcbe	UNCONDITIONAL_CALL	FUN_14000db70	14000db70
JPEG62.DLL::jpeg_read_header	140036069	140015d70	UNCONDITIONAL_CALL	FUN_1400152d0	1400152d0
JPEG62.DLL::jpeg_start_decompress	14003606f	14000dcc8	UNCONDITIONAL_CALL	FUN_14000db70	14000db70
JPEG62.DLL::jpeg_start_decompress	14003606f	140015d79	UNCONDITIONAL_CALL	FUN_1400152d0	1400152d0
JPEG62.DLL::jpeg_read_scanlines	140036075	14000dd20	UNCONDITIONAL_CALL	FUN_14000db70	14000db70
JPEG62.DLL::jpeg_read_scanlines	140036075	140015deb	UNCONDITIONAL_CALL	FUN_1400152d0	1400152d0
JPEG62.DLL::jpeg_finish_decompress	14003607b	14000dd37	UNCONDITIONAL_CALL	FUN_14000db70	14000db70
JPEG62.DLL::jpeg_finish_decompress	14003607b	140015e06	UNCONDITIONAL_CALL	FUN_1400152d0	1400152d0
JPEG62.DLL::jpeg_CreateCompress	140036081	140010ff5	UNCONDITIONAL_CALL	FUN_1400107c0	1400107c0
JPEG62.DLL::jpeg_CreateCompress	140036081	140011dd8	UNCONDITIONAL_CALL	FUN_140011c10	140011c10
JPEG62.DLL::jpeg_CreateCompress	140036081	1400169f2	UNCONDITIONAL_CALL	FUN_1400161a0	1400161a0
JPEG62.DLL::jpeg_destroy_compress	140036087	1400110d5	UNCONDITIONAL_CALL	FUN_1400107c0	1400107c0
JPEG62.DLL::jpeg_destroy_compress	140036087	140012384	UNCONDITIONAL_CALL	FUN_140011c10	140011c10
JPEG62.DLL::jpeg_destroy_compress	140036087	140016ae5	UNCONDITIONAL_CALL	FUN_1400161a0	1400161a0
JPEG62.DLL::jpeg_mem_dest	14003608d	140011061	UNCONDITIONAL_CALL	FUN_1400107c0	1400107c0
JPEG62.DLL::jpeg_mem_dest	14003608d	140011e94	UNCONDITIONAL_CALL	FUN_140011c10	140011c10
JPEG62.DLL::jpeg_mem_dest	14003608d	140016a69	UNCONDITIONAL_CALL	FUN_1400161a0	1400161a0
JPEG62.DLL::jpeg_set_defaults	140036093	140011038	UNCONDITIONAL_CALL	FUN_1400107c0	1400107c0
JPEG62.DLL::jpeg_set_defaults	140036093	140011e71	UNCONDITIONAL_CALL	FUN_140011c10	140011c10
JPEG62.DLL::jpeg_set_defaults	140036093	140016a40	UNCONDITIONAL_CALL	FUN_1400161a0	1400161a0
JPEG62.DLL::jpeg_set_quality	140036099	14001104b	UNCONDITIONAL_CALL	FUN_1400107c0	1400107c0
JPEG62.DLL::jpeg_set_quality	140036099	140011e81	UNCONDITIONAL_CALL	FUN_140011c10	140011c10
JPEG62.DLL::jpeg_set_quality	140036099	140016a53	UNCONDITIONAL_CALL	FUN_1400161a0	1400161a0
JPEG62.DLL::jpeg_start_compress	14003609f	14001106f	UNCONDITIONAL_CALL	FUN_1400107c0	1400107c0
JPEG62.DLL::jpeg_start_compress	14003609f	140011e9f	UNCONDITIONAL_CALL	FUN_140011c10	140011c10
JPEG62.DLL::jpeg_start_compress	14003609f	140016a77	UNCONDITIONAL_CALL	FUN_1400161a0	1400161a0
JPEG62.DLL::jpeg_write_scanlines	1400360a5	1400110af	UNCONDITIONAL_CALL	FUN_1400107c0	1400107c0
JPEG62.DLL::jpeg_write_scanlines	1400360a5	140011edc	UNCONDITIONAL_CALL	FUN_140011c10	140011c10
JPEG62.DLL::jpeg_write_scanlines	1400360a5	140016abf	UNCONDITIONAL_CALL	FUN_1400161a0	1400161a0
JPEG62.DLL::jpeg_finish_compress	1400360ab	1400110c9	UNCONDITIONAL_CALL	FUN_1400107c0	1400107c0
JPEG62.DLL::jpeg_finish_compress	1400360ab	140011ef0	UNCONDITIONAL_CALL	FUN_140011c10	140011c10
JPEG62.DLL::jpeg_finish_compress	1400360ab	140016ad9	UNCONDITIONAL_CALL	FUN_1400161a0	1400161a0
PORTAUDIO_X64.DLL::Pa_GetErrorText	1400360e7	14000972d	UNCONDITIONAL_CALL	FUN_1400093a0	1400093a0
PORTAUDIO_X64.DLL::Pa_Initialize	1400360ed	140007bdd	UNCONDITIONAL_CALL	FUN_140007980	140007980
PORTAUDIO_X64.DLL::Pa_Terminate	1400360f3	14000875c	UNCONDITIONAL_CALL	FUN_1400086e0	1400086e0
PORTAUDIO_X64.DLL::Pa_GetHostApiCount	1400360f9	140007bfb	UNCONDITIONAL_CALL	FUN_140007980	140007980
PORTAUDIO_X64.DLL::Pa_GetHostApiInfo	1400360ff	140007c12	UNCONDITIONAL_CALL	FUN_140007980	140007980
PORTAUDIO_X64.DLL::Pa_HostApiDeviceIndexToDeviceIndex	140036105	140007c99	UNCONDITIONAL_CALL	FUN_140007980	140007980
PORTAUDIO_X64.DLL::Pa_HostApiDeviceIndexToDeviceIndex	140036105	14000909c	UNCONDITIONAL_CALL	FUN_140009010	140009010
PORTAUDIO_X64.DLL::Pa_HostApiDeviceIndexToDeviceIndex	140036105	140009491	UNCONDITIONAL_CALL	FUN_1400093a0	1400093a0
PORTAUDIO_X64.DLL::Pa_GetDeviceInfo	14003610b	140007ca0	UNCONDITIONAL_CALL	FUN_140007980	140007980
PORTAUDIO_X64.DLL::Pa_GetDeviceInfo	14003610b	14000949f	UNCONDITIONAL_CALL	FUN_1400093a0	1400093a0
PORTAUDIO_X64.DLL::Pa_OpenStream	140036111	14000970d	UNCONDITIONAL_CALL	FUN_1400093a0	1400093a0
PORTAUDIO_X64.DLL::Pa_CloseStream	140036117	14000942d	UNCONDITIONAL_CALL	FUN_1400093a0	1400093a0
PORTAUDIO_X64.DLL::Pa_StartStream	14003611d	14000a372	UNCONDITIONAL_CALL	FUN_14000a350	14000a350
PORTAUDIO_X64.DLL::Pa_StopStream	140036123	14000a742	UNCONDITIONAL_CALL	FUN_14000a710	14000a710
PORTAUDIO_X64.DLL::Pa_IsStreamStopped	140036129	140008749	UNCONDITIONAL_CALL	FUN_1400086e0	1400086e0
PORTAUDIO_X64.DLL::Pa_IsStreamStopped	140036129	14000a732	UNCONDITIONAL_CALL	FUN_14000a710	14000a710
PORTAUDIO_X64.DLL::Pa_IsStreamActive	14003612f	140008738	UNCONDITIONAL_CALL	FUN_1400086e0	1400086e0
PORTAUDIO_X64.DLL::Pa_IsStreamActive	14003612f	140008756	UNCONDITIONAL_CALL	FUN_1400086e0	1400086e0
PORTAUDIO_X64.DLL::Pa_IsStreamActive	14003612f	140009043	UNCONDITIONAL_CALL	FUN_140009010	140009010
PORTAUDIO_X64.DLL::Pa_IsStreamActive	14003612f	140009418	UNCONDITIONAL_CALL	FUN_1400093a0	1400093a0
PORTAUDIO_X64.DLL::PaAsio_GetAvailableBufferSizes	140036135	1400090c5	UNCONDITIONAL_CALL	FUN_140009010	140009010
WPCAP.DLL::pcap_close	14003613b	140009fac	UNCONDITIONAL_CALL	FUN_140009bf0	140009bf0
WPCAP.DLL::pcap_close	14003613b	14000a845	UNCONDITIONAL_CALL	FUN_14000a800	14000a800
WPCAP.DLL::pcap_close	14003613b	140011b9c	UNCONDITIONAL_CALL	FUN_1400115c0	1400115c0
WPCAP.DLL::pcap_close	14003613b	14001241c	UNCONDITIONAL_CALL	FUN_140011c10	140011c10
WPCAP.DLL::pcap_close	14003613b	14001294d	UNCONDITIONAL_CALL	FUN_140012910	140012910
WPCAP.DLL::pcap_close	14003613b	140016039	UNCONDITIONAL_CALL	FUN_1400152d0	1400152d0
WPCAP.DLL::pcap_close	14003613b	140020dd9	UNCONDITIONAL_CALL	FUN_140020d70	140020d70
WPCAP.DLL::pcap_sendpacket	140036141	140009ee2	UNCONDITIONAL_CALL	FUN_140009bf0	140009bf0
WPCAP.DLL::pcap_sendpacket	140036141	140020dd1	UNCONDITIONAL_CALL	FUN_140020d70	140020d70
WPCAP.DLL::pcap_findalldevs	140036147	14000a0b7	UNCONDITIONAL_CALL	FUN_14000a000	14000a000
WPCAP.DLL::pcap_findalldevs	140036147	14001254e	UNCONDITIONAL_CALL	FUN_140012490	140012490
WPCAP.DLL::pcap_findalldevs	140036147	140016fbf	UNCONDITIONAL_CALL	FUN_140016f20	140016f20
WPCAP.DLL::pcap_findalldevs	140036147	140028b45	UNCONDITIONAL_CALL	FUN_140028af0	140028af0
WPCAP.DLL::pcap_open	14003614d	14000a297	UNCONDITIONAL_CALL	FUN_14000a000	14000a000
WPCAP.DLL::pcap_open	14003614d	140012727	UNCONDITIONAL_CALL	FUN_140012490	140012490
WPCAP.DLL::pcap_open	14003614d	140017178	UNCONDITIONAL_CALL	FUN_140016f20	140016f20
WPCAP.DLL::pcap_open	14003614d	140020dbb	UNCONDITIONAL_CALL	FUN_140020d70	140020d70
WPCAP.DLL::pcap_sendqueue_alloc	140036153	140011803	UNCONDITIONAL_CALL	FUN_1400115c0	1400115c0
WPCAP.DLL::pcap_sendqueue_alloc	140036153	140011a54	UNCONDITIONAL_CALL	FUN_1400115c0	1400115c0
WPCAP.DLL::pcap_sendqueue_alloc	140036153	14001205a	UNCONDITIONAL_CALL	FUN_140011c10	140011c10
WPCAP.DLL::pcap_sendqueue_alloc	140036153	1400122b3	UNCONDITIONAL_CALL	FUN_140011c10	140011c10
WPCAP.DLL::pcap_sendqueue_alloc	140036153	14001538f	UNCONDITIONAL_CALL	FUN_1400152d0	1400152d0
WPCAP.DLL::pcap_sendqueue_destroy	140036159	140011a4b	UNCONDITIONAL_CALL	FUN_1400115c0	1400115c0
WPCAP.DLL::pcap_sendqueue_destroy	140036159	140011ae4	UNCONDITIONAL_CALL	FUN_1400115c0	1400115c0
WPCAP.DLL::pcap_sendqueue_destroy	140036159	1400122aa	UNCONDITIONAL_CALL	FUN_140011c10	140011c10
WPCAP.DLL::pcap_sendqueue_destroy	140036159	140012337	UNCONDITIONAL_CALL	FUN_140011c10	140011c10
WPCAP.DLL::pcap_sendqueue_destroy	140036159	14001602b	UNCONDITIONAL_CALL	FUN_1400152d0	1400152d0
WPCAP.DLL::pcap_sendqueue_queue	14003615f	140011915	UNCONDITIONAL_CALL	FUN_1400115c0	1400115c0
WPCAP.DLL::pcap_sendqueue_queue	14003615f	140011a2e	UNCONDITIONAL_CALL	FUN_1400115c0	1400115c0
WPCAP.DLL::pcap_sendqueue_queue	14003615f	140011a6d	UNCONDITIONAL_CALL	FUN_1400115c0	1400115c0
WPCAP.DLL::pcap_sendqueue_queue	14003615f	140012178	UNCONDITIONAL_CALL	FUN_140011c10	140011c10
WPCAP.DLL::pcap_sendqueue_queue	14003615f	14001228d	UNCONDITIONAL_CALL	FUN_140011c10	140011c10
WPCAP.DLL::pcap_sendqueue_queue	14003615f	1400122cc	UNCONDITIONAL_CALL	FUN_140011c10	140011c10
WPCAP.DLL::pcap_sendqueue_transmit	140036165	140011a42	UNCONDITIONAL_CALL	FUN_1400115c0	1400115c0
WPCAP.DLL::pcap_sendqueue_transmit	140036165	140011adb	UNCONDITIONAL_CALL	FUN_1400115c0	1400115c0
WPCAP.DLL::pcap_sendqueue_transmit	140036165	1400122a1	UNCONDITIONAL_CALL	FUN_140011c10	140011c10
WPCAP.DLL::pcap_sendqueue_transmit	140036165	14001232e	UNCONDITIONAL_CALL	FUN_140011c10	140011c10
WPCAP.DLL::pcap_next_ex	14003616b	14001543c	UNCONDITIONAL_CALL	FUN_1400152d0	1400152d0
WPCAP.DLL::pcap_setfilter	140036171	140017253	UNCONDITIONAL_CALL	FUN_140016f20	140016f20
WPCAP.DLL::pcap_compile	140036177	140017233	UNCONDITIONAL_CALL	FUN_140016f20	140016f20
WPCAP.DLL::pcap_freealldevs	14003617d	14001718d	UNCONDITIONAL_CALL	FUN_140016f20	140016f20
WPCAP.DLL::pcap_freealldevs	14003617d	140017240	UNCONDITIONAL_CALL	FUN_140016f20	140016f20
WPCAP.DLL::pcap_freealldevs	14003617d	140017263	UNCONDITIONAL_CALL	FUN_140016f20	140016f20
WPCAP.DLL::pcap_freealldevs	14003617d	14001739e	UNCONDITIONAL_CALL	FUN_140016f20	140016f20
WPCAP.DLL::pcap_freealldevs	14003617d	140028e4b	UNCONDITIONAL_CALL	FUN_140028af0	140028af0
WPCAP.DLL::pcap_setmintocopy	140036183	1400171a4	UNCONDITIONAL_CALL	FUN_140016f20	140016f20
WPCAP.DLL::pcap_findalldevs_ex	140036189	140020952	UNCONDITIONAL_CALL	FUN_140020920	140020920
IPHLPAPI.DLL::GetAdaptersInfo	140039afa	14002069c	UNCONDITIONAL_CALL	FUN_140020660	140020660
IPHLPAPI.DLL::SendARP	140039b00	14002063d	UNCONDITIONAL_CALL	FUN_1400205b0	1400205b0
IPHLPAPI.DLL::SendARP	140039b00	140020734	UNCONDITIONAL_CALL	FUN_140020660	140020660
IPHLPAPI.DLL::IcmpCreateFile	140039b06	14002b6f6	UNCONDITIONAL_CALL	FUN_14002b650	14002b650
IPHLPAPI.DLL::IcmpCloseHandle	140039b0c	14002b739	UNCONDITIONAL_CALL	FUN_14002b650	14002b650
IPHLPAPI.DLL::IcmpSendEcho	140039b12	14002b72f	UNCONDITIONAL_CALL	FUN_14002b650	14002b650
PTR_IcmpSendEcho_1400420e8	1400420e8	140039b12	INDIRECTION	IcmpSendEcho	140039b12
PTR_IcmpCloseHandle_1400420f0	1400420f0	140039b0c	INDIRECTION	IcmpCloseHandle	140039b0c
PTR_IcmpCreateFile_1400420f8	1400420f8	140039b06	INDIRECTION	IcmpCreateFile	140039b06
PTR_SendARP_140042100	140042100	140039b00	INDIRECTION	SendARP	140039b00
PTR_GetAdaptersInfo_140042108	140042108	140039afa	INDIRECTION	GetAdaptersInfo	140039afa
PTR_socket_140042750	140042750	14001fff0	READ	FUN_14001ffa0	14001ffa0
PTR_socket_140042750	140042750	14002017c	READ	FUN_140020110	140020110
PTR_sendto_140042758	140042758	14002008f	READ	FUN_14001ffa0	14001ffa0
PTR_recvfrom_140042760	140042760	14002021a	READ	FUN_140020110	140020110
PTR_closesocket_140042778	140042778	14001f1b0	READ	FUN_14001f1a0	14001f1a0
PTR_closesocket_140042778	140042778	14002009c	READ	FUN_14001ffa0	14001ffa0
PTR_closesocket_140042778	140042778	1400200e2	READ	FUN_14001ffa0	14001ffa0
PTR_bind_140042780	140042780	140020053	READ	FUN_14001ffa0	14001ffa0
PTR_bind_140042780	140042780	1400201ce	READ	FUN_140020110	140020110
PTR_jpeg_mem_src_140042aa0	140042aa0	140036063	INDIRECTION	jpeg_mem_src	140036063
PTR_jpeg_destroy_decompress_140042aa8	140042aa8	14003605d	INDIRECTION	jpeg_destroy_decompress	14003605d
PTR_jpeg_std_error_140042ab0	140042ab0	140036051	INDIRECTION	jpeg_std_error	140036051
PTR_jpeg_read_header_140042ab8	140042ab8	140036069	INDIRECTION	jpeg_read_header	140036069
PTR_jpeg_start_decompress_140042ac0	140042ac0	14003606f	INDIRECTION	jpeg_start_decompress	14003606f
PTR_jpeg_read_scanlines_140042ac8	140042ac8	140036075	INDIRECTION	jpeg_read_scanlines	140036075
PTR_jpeg_finish_decompress_140042ad0	140042ad0	14003607b	INDIRECTION	jpeg_finish_decompress	14003607b
PTR_jpeg_CreateCompress_140042ad8	140042ad8	140036081	INDIRECTION	jpeg_CreateCompress	140036081
PTR_jpeg_destroy_compress_140042ae0	140042ae0	140036087	INDIRECTION	jpeg_destroy_compress	140036087
PTR_jpeg_mem_dest_140042ae8	140042ae8	14003608d	INDIRECTION	jpeg_mem_dest	14003608d
PTR_jpeg_set_defaults_140042af0	140042af0	140036093	INDIRECTION	jpeg_set_defaults	140036093
PTR_jpeg_set_quality_140042af8	140042af8	140036099	INDIRECTION	jpeg_set_quality	140036099
PTR_jpeg_start_compress_140042b00	140042b00	14003609f	INDIRECTION	jpeg_start_compress	14003609f
PTR_jpeg_write_scanlines_140042b08	140042b08	1400360a5	INDIRECTION	jpeg_write_scanlines	1400360a5
PTR_jpeg_finish_compress_140042b10	140042b10	1400360ab	INDIRECTION	jpeg_finish_compress	1400360ab
PTR_jpeg_CreateDecompress_140042b18	140042b18	140036057	INDIRECTION	jpeg_CreateDecompress	140036057
PTR_Pa_CloseStream_140043670	140043670	140036117	INDIRECTION	Pa_CloseStream	140036117
PTR_Pa_StartStream_140043678	140043678	14003611d	INDIRECTION	Pa_StartStream	14003611d
PTR_Pa_StopStream_140043680	140043680	140036123	INDIRECTION	Pa_StopStream	140036123
PTR_Pa_IsStreamStopped_140043688	140043688	140036129	INDIRECTION	Pa_IsStreamStopped	140036129
PTR_Pa_IsStreamActive_140043690	140043690	14003612f	INDIRECTION	Pa_IsStreamActive	14003612f
PTR_PaAsio_GetAvailableBufferSizes_140043698	140043698	140036135	INDIRECTION	PaAsio_GetAvailableBufferSizes	140036135
PTR_Pa_Initialize_1400436a0	1400436a0	1400360ed	INDIRECTION	Pa_Initialize	1400360ed
PTR_Pa_OpenStream_1400436a8	1400436a8	140036111	INDIRECTION	Pa_OpenStream	140036111
PTR_Pa_GetDeviceInfo_1400436b0	1400436b0	14003610b	INDIRECTION	Pa_GetDeviceInfo	14003610b
PTR_Pa_HostApiDeviceIndexToDeviceIndex_1400436b8	1400436b8	140036105	INDIRECTION	Pa_HostApiDeviceIndexToDeviceIndex	140036105
PTR_Pa_GetErrorText_1400436c0	1400436c0	1400360e7	INDIRECTION	Pa_GetErrorText	1400360e7
PTR_Pa_GetHostApiInfo_1400436c8	1400436c8	1400360ff	INDIRECTION	Pa_GetHostApiInfo	1400360ff
PTR_Pa_Terminate_1400436d0	1400436d0	1400360f3	INDIRECTION	Pa_Terminate	1400360f3
PTR_Pa_GetHostApiCount_1400436d8	1400436d8	1400360f9	INDIRECTION	Pa_GetHostApiCount	1400360f9
PTR_pcap_findalldevs_ex_1400436e8	1400436e8	140036189	INDIRECTION	pcap_findalldevs_ex	140036189
PTR_pcap_setmintocopy_1400436f0	1400436f0	140036183	INDIRECTION	pcap_setmintocopy	140036183
PTR_pcap_freealldevs_1400436f8	1400436f8	14003617d	INDIRECTION	pcap_freealldevs	14003617d
PTR_pcap_compile_140043700	140043700	140036177	INDIRECTION	pcap_compile	140036177
PTR_pcap_setfilter_140043708	140043708	140036171	INDIRECTION	pcap_setfilter	140036171
PTR_pcap_next_ex_140043710	140043710	14003616b	INDIRECTION	pcap_next_ex	14003616b
PTR_pcap_sendqueue_transmit_140043718	140043718	140036165	INDIRECTION	pcap_sendqueue_transmit	140036165
PTR_pcap_sendqueue_queue_140043720	140043720	14003615f	INDIRECTION	pcap_sendqueue_queue	14003615f
PTR_pcap_sendqueue_destroy_140043728	140043728	140036159	INDIRECTION	pcap_sendqueue_destroy	140036159
PTR_pcap_findalldevs_140043730	140043730	140036147	INDIRECTION	pcap_findalldevs	140036147
PTR_pcap_close_140043738	140043738	14003613b	INDIRECTION	pcap_close	14003613b
PTR_pcap_sendpacket_140043740	140043740	140036141	INDIRECTION	pcap_sendpacket	140036141
PTR_pcap_open_140043748	140043748	14003614d	INDIRECTION	pcap_open	14003614d
PTR_pcap_sendqueue_alloc_140043750	140043750	140036153	INDIRECTION	pcap_sendqueue_alloc	140036153
PTR_xiGetImage_140043760	140043760	14000f13f	READ	FUN_14000efc0	14000efc0
PTR_xiGetImage_140043760	140043760	140010241	READ	FUN_14000fb40	14000fb40
PTR_xiGetImage_140043760	140043760	1400132b2	READ	FUN_140012ec0	140012ec0
PTR_xiStopAcquisition_140043768	140043768	14000fcab	READ	FUN_14000fb40	14000fb40
PTR_xiStartAcquisition_140043770	140043770	140010222	READ	FUN_14000fb40	14000fb40
PTR_xiCloseDevice_140043778	140043778	14000ea38	READ	FUN_14000e960	14000e960
PTR_xiCloseDevice_140043778	140043778	14000fcb5	READ	FUN_14000fb40	14000fb40
PTR_xiCloseDevice_140043778	140043778	140012a28	READ	FUN_1400129d0	1400129d0
PTR_xiOpenDevice_140043780	140043780	14000fd24	READ	FUN_14000fb40	14000fb40
PTR_xiGetNumberDevices_140043788	140043788	140013c73	READ	FUN_140013c40	140013c40
PTR_xiSetParamFloat_140043790	140043790	1400100bd	READ	FUN_14000fb40	14000fb40
PTR_xiSetParamFloat_140043790	140043790	1400100d2	READ	FUN_14000fb40	14000fb40
PTR_xiSetParamFloat_140043790	140043790	1400100e7	READ	FUN_14000fb40	14000fb40
PTR_xiSetParamFloat_140043790	140043790	14001010f	READ	FUN_14000fb40	14000fb40
PTR_xiSetParamFloat_140043790	140043790	140010123	READ	FUN_14000fb40	14000fb40
PTR_xiSetParamFloat_140043790	140043790	14001019c	READ	FUN_14000fb40	14000fb40
PTR_xiSetParamFloat_140043790	140043790	1400101b1	READ	FUN_14000fb40	14000fb40
PTR_xiSetParamFloat_140043790	140043790	1400101c6	READ	FUN_14000fb40	14000fb40
PTR_xiSetParamFloat_140043790	140043790	1400101ef	READ	FUN_14000fb40	14000fb40
PTR_xiSetParamFloat_140043790	140043790	140010204	READ	FUN_14000fb40	14000fb40
PTR_xiSetParamFloat_140043790	140043790	14002289b	READ	FUN_1400227d0	1400227d0
PTR_xiSetParamFloat_140043790	140043790	1400228b2	READ	FUN_1400227d0	1400227d0
PTR_xiSetParamFloat_140043790	140043790	1400228c9	READ	FUN_1400227d0	1400227d0
PTR_xiSetParamFloat_140043790	140043790	14002291b	READ	FUN_1400227d0	1400227d0
PTR_xiSetParamFloat_140043790	140043790	140022933	READ	FUN_1400227d0	1400227d0
PTR_xiGetParamInt_140043798	140043798	14000fe05	READ	FUN_14000fb40	14000fb40
PTR_xiGetParamInt_140043798	140043798	14000fe2b	READ	FUN_14000fb40	14000fb40
PTR_xiGetParamInt_140043798	140043798	1400226a2	READ	FUN_140022670	140022670
PTR_xiGetParamInt_140043798	140043798	1400131d2	READ	FUN_140012ec0	140012ec0
PTR_xiGetParamString_1400437a0	1400437a0	14000fa98	READ	FUN_14000fa20	14000fa20
PTR_xiGetParamString_1400437a0	1400437a0	14000fab7	READ	FUN_14000fa20	14000fa20
PTR_xiSetParamInt_1400437a8	1400437a8	14000fd5f	READ	FUN_14000fb40	14000fb40
PTR_xiSetParamInt_1400437a8	1400437a8	14000fda9	READ	FUN_14000fb40	14000fb40
PTR_xiSetParamInt_1400437a8	1400437a8	14000fe7d	READ	FUN_14000fb40	14000fb40
PTR_xiSetParamInt_1400437a8	1400437a8	14000fe93	READ	FUN_14000fb40	14000fb40
PTR_xiSetParamInt_1400437a8	1400437a8	14000fea7	READ	FUN_14000fb40	14000fb40
PTR_xiSetParamInt_1400437a8	1400437a8	14000febb	READ	FUN_14000fb40	14000fb40
PTR_xiSetParamInt_1400437a8	1400437a8	14000fecf	READ	FUN_14000fb40	14000fb40
PTR_xiSetParamInt_1400437a8	1400437a8	14000fee3	READ	FUN_14000fb40	14000fb40
PTR_xiSetParamInt_1400437a8	1400437a8	1400100fb	READ	FUN_14000fb40	14000fb40
PTR_xiSetParamInt_1400437a8	1400437a8	14001013d	READ	FUN_14000fb40	14000fb40
PTR_xiSetParamInt_1400437a8	1400437a8	1400101da	READ	FUN_14000fb40	14000fb40
PTR_xiSetParamInt_1400437a8	1400437a8	140010218	READ	FUN_14000fb40	14000fb40
PTR_xiSetParamInt_1400437a8	1400437a8	140021cdd	READ	FUN_140021cc0	140021cc0
PTR_xiSetParamInt_1400437a8	1400437a8	1400228f7	READ	FUN_1400227d0	1400227d0
PTR_xiSetParamInt_1400437a8	1400437a8	140021e0d	INDIRECTION	FUN_140021dd0	140021dd0
PTR_xiGetParamFloat_1400437b0	1400437b0	140021d19	READ	FUN_140021cc0	140021cc0
PTR_xiGetParamFloat_1400437b0	1400437b0	140021d32	READ	FUN_140021cc0	140021cc0
PTR_xiGetParamFloat_1400437b0	1400437b0	140021d4b	READ	FUN_140021cc0	140021cc0
s_SendARP_Failed._No_default_gatew_140047920	140047920	140020744	DATA	FUN_140020660	140020660
s_socketport_14004be30	14004be30	14003244d	DATA	FUN_140031d70	140031d70
s_socketport_14004be30	14004be30	14002ae28	DATA	FUN_14002a6e0	14002a6e0
